"","AID","Format","Valid","Fulltext_Available","DOI_Available","Link_Available","RG_Details","Work_Type","row.names","PT","BA","BE","Z2","Y1","AE","Z3","BS","VL","MA","BP","EP","AR","SU","PD","AK","CT","CY","SP","CL"
"1","C001",NA,NA,NA,NA,NA,NA,NA,"J","Abdollahi, Z; Gomes, VG","","","Synthesis and characterization of polyacrylamide with controlled molar weight","","","ResearchGate",NA,"","1","7","","","",2011,"","","","",1
"2","C002",NA,NA,NA,NA,NA,NA,NA,"J","Akilla, B.; Manickavasakam, K.","","","Anatomical studies on the seeds of Alternanthera sessilis Linn","","","ResearchGate",NA,"","","","","","",2014,"","","","",1
"3","C003",NA,NA,NA,NA,NA,NA,NA,"J","Allis, D. G.; Korter, T. M.","","","Development of Computational Methodologies for the Prediction and Analysis of Solid-State Terahertz Spectra, 2","","","ResearchGate",17,"","193","212","","","",2007,"","","","",1
"4","C004",NA,NA,NA,NA,NA,NA,NA,"J","Arbizu, PM","","","","","","How can I do PerMANOVA pairwise contrasts in R? ResearchGate",NA,"","","","","","Jan 30",2016,"","","","",1
"5","C005",NA,NA,NA,NA,NA,NA,NA,"J","Polovodova Asteman, I. R.; Schonfeld, J.","","","Recent invasion of the foraminifer Nonionella stella Cushman & Moyer, 1930 in northern European waters: evidence from the Skagerrak and its Fjords","","","ResearchGate",35,"1","","","","","",2015,"","","","",1
"6","C006",NA,NA,NA,NA,NA,NA,NA,"J","Aucoin, M.; Fry, M.","","","Growing local food movements: Farmers' markets as nodes for products and community","","","ResearchGate",56,"","61","78","","","",2015,"","","","",1
"7","C007",NA,NA,NA,NA,NA,NA,NA,"J","Auerswald, K.; Hafner, B.D.; Konig, A.","","","Data of Hoof growth rates of the European roe deer (Capreolus capreolus) for dating the hoof's isotopic archive published in Forests","","","ResearchGate",NA,"","","","","DOI 10.13140/RG.2.2.21031.85925","",2017,"","","","",1
"8","C008",NA,NA,NA,NA,NA,NA,NA,"J","Bako-Biro, Z.; Kochhar, N.; Clements-Croome, D.J.; Awbi, H.B.; Willianis, M.","","","Ventilation Rates in Schools and Learning Performance","","","ResearchGate",NA,"","","","","","",2007,"","","","",1
"9","C009",NA,NA,NA,NA,NA,NA,NA,"J","Bandyopadhyay, A. K.","","","Generalized Thevenins ' theorem and its proof","","","ResearchGate",NA,"","","","","10.13140/RG.2.1.3332.5605","Apr. 24",2015,"","","","",1
"10","C010",NA,NA,NA,NA,NA,NA,NA,"J","Bartram, J.","","","Water quality: guidelines, standards, and health: assessment of risk and risk management for water-related infectious disease","","","ResearchGate",NA,"","","","","","",2001,"","","","",1
"11","C011",NA,NA,NA,NA,NA,NA,NA,"J","Bentaha, M. L.; Dolgui, A.; Battaia, O.","","","Problem Instances I Have Used in the Numerical Experiments of My Work on Disassembly Line Design and Balancing under Uncertainty","","","Researchgate",1,"","1","14","","DOI 10.13140/RG.2.1.5163.5043","",2015,"","","","",1
"12","C012",NA,NA,NA,NA,NA,NA,NA,"J","Bhattacharyya, A. S.; Gaurav, K.; Kommu, P. Y.","","","","","","Researchgate",NA,"","","","","10.13140/RG.2.1.5077.8082","",2015,"","","","",1
"13","C013",NA,NA,NA,NA,NA,NA,NA,"J","Bhavanani, AB","","","Yoga for health in children","","","ResearchGate",NA,"","","","","","",2007,"","","","",1
"14","C014",NA,NA,NA,NA,NA,NA,NA,"J","Bobadila, R.; Berr, A.","","","Histone Methylation-A corertone for plant responses to environmental stresses?","","","ResearchGate",NA,"","31","61","","","",2016,"","","","",1
"15","C015",NA,NA,NA,NA,NA,NA,NA,"J","Bollen, K. A.; Jackman, R. W.","","","Regression diagnos-tics: an expository treatment of outliers and influential cases","","","ResearchGate",13,"","510","542","","","",1990,"","","","",1
"16","C016",NA,NA,NA,NA,NA,NA,NA,"J","Boyd, Danah","","","Social Network Sites as Networked Publics: Affordances, Dynamics, and Implications","","","ResearchGate",NA,"","","","","","",2010,"","","","",3
"17","C017",NA,NA,NA,NA,NA,NA,NA,"J","BRADBURY IR","","","","","","RESEARCHGATE",340,"","245","","","","",2007,"","","","",1
"18","C018",NA,NA,NA,NA,NA,NA,NA,"J","Brocca, L.; Ciabatta, L.; Massari, C.; Hahn, S.; Wagner, W.","","","SM2RAIN-ASCAT (1 Jan 2007-30 June 2015) global daily rainfall dataset","","","ResearchGate",NA,"","","","","10.13140/RG.2.1.4434.8563","",2016,"","","","",1
"19","C019",NA,NA,NA,NA,NA,NA,NA,"J","Brunick, KL; Cutting, JE","","","Coloring the animated world, Exploring human color perception and preference through the animated film","","","ResearchGate",43,"2","41","45","","","",2016,"","","","",1
"20","C020",NA,NA,NA,NA,NA,NA,NA,"J","CAMPUZANO, R.","","","Evaluacion del periodo de espera voluntario en vacas especializadas en produccion de leche","","","ResearchGate",NA,"","","","","","",2007,"","","","",1
"21","C021",NA,NA,NA,NA,NA,NA,NA,"J","Champlain, A. F. D.; Gessaroli, M. E.; Tang, K. L.; Champlain, J. E. D.","","","Assessing the dimensionality of polytomous item responses with small sample sizes and short test lengths: A comparison of procedures","","","ResearchGate",NA,"","","","","","",1999,"","","","",1
"22","C022",NA,NA,NA,NA,NA,NA,NA,"J","Chaslot, G; Bakkes, S; Szita, I; Spronck, P","","","Monte-Carlo Tree Search: A New Framework for Game AI","","","ResearchGate",NA,"","","","","","",2008,"","","","",1
"23","C023",NA,NA,NA,NA,NA,NA,NA,"J","Chatterjee, N.; Bhattacharjee, B.; Chatterjee, N.","","","Quantitative study on the impact of the seasonal change in the aquatic physicochemical parameters on zooplankton population density in Saheb bandh, Purulia, West Bengal, India","","","ResearchGate",NA,"","11","19","","","",2015,"","","","",1
"24","C024",NA,NA,NA,NA,NA,NA,NA,"J","Chen, G. Z.","","","","","","ResearchGate",NA,"","","","","","",2015,"","","","",1
"25","C025",NA,NA,NA,NA,NA,NA,NA,"J","Chiad, Sami Salman; Habubi, Nadir Fadhil; Khaleel, Reem Saadi; Abdul Hussein, Obaida Amer","","","","","","Research Gate",NA,"","515","515","","","",2010,"","","","",1
"26","C026",NA,NA,NA,NA,NA,NA,NA,"J","Chirani, N.; Yahia, L.; Gritsch, L.; Motta, F.L.; Chirani, S.; Fare, S.","","","History and applications of hydrogels","","","ResearchGate",4,"2","13","23","","","Dec 1",2015,"","","","",2
"27","C027",NA,NA,NA,NA,NA,NA,NA,"J","Clifford, M. N.","","","","","","Researchgate",NA,"","","","","10.13140/RG.2.2.21311.71848","",2017,"","","","",2
"28","C028",NA,NA,NA,NA,NA,NA,NA,"J","Cribb, V.; Orsini-Jones, M.","","","The added value of foreign language knowledge on metalinguistic awareness at university","","","ResearchGate",NA,"","","","","DOI 10.13140/RG.2.1.2080.4968","",2015,"","","","",1
"29","C029",NA,NA,NA,NA,NA,NA,NA,"J","Crippen, G.; Havel, T. F.","","","","","","ResearchGate",NA,"","","","","","",1988,"","","","",1
"30","C030",NA,NA,NA,NA,NA,NA,NA,"J","Dabiri, JO; Gharib, M","","","The role of optimal vortex formation in biological fluid transport","","","ResearchGate",272,"1572","1557","1560","","","",NA,"","","","",1
"31","C031",NA,NA,NA,NA,NA,NA,NA,"J","Dat, L.D.; Thao, N.P.; Luyen, B.T.T.; Tai, B.H.; Jeong, M.H.; Woo, M.H.; Kim, Y.H.","","","Identification of six new lupane-type triterpenoids from Acanthopanax koreanum leaves and their tyrosinase inhibitory activities","","","ResearchGate.",NA,"","","","","","",2015,"","","","",1
"32","C032",NA,NA,NA,NA,NA,NA,NA,"J","de Camargo, MBP; Hubbard, KG","","","Drought sensitivity indices for a sorghum crop","","","JOURNAL OF PRODUCTION AGRICULTURE",12,"2","312","316","","","APR-JUN 1999",1999,"","","","",5
"33","C033",NA,NA,NA,NA,NA,NA,NA,"J","De Bruin, H.; Wang, J.","","","Scintillometry: a review","","","Researchgate",NA,"","","","","","",NA,"","","","",1
"34","C034",NA,NA,NA,NA,NA,NA,NA,"J","Dzmbeg-Malcic, V.; Barbaric-Mikocvic, Z.; Itric, K.","","","Kubelka-Munk theory in describing optical properties of paper (I)","","","ResearchGate",19,"","191","196","","","",2012,"","","","",1
"35","C035",NA,NA,NA,NA,NA,NA,NA,"J","Denfeld, Blaize A.; Wallin, Marcus B.; Sahlee, Erik; Sobek, Sebastian; Kokic, Jovana; Chmiel, Hannah E.; Weyhenmeyer, Gesa A.","","","Temporal and spatial carbon dioxide concentration patterns in a small boreal lake in relation to ice-cover dynamics","","","BOREAL ENVIRONMENT RESEARCH",20,"6","679","692","","","DEC 18 2015",2015,"","","","",7
"36","C036",NA,NA,NA,NA,NA,NA,NA,"J","Dheeba, J.; Singh, N. Albert","","","Computer Aided Intelligent Breast Cancer Detection: Second Opinion for Radiologists-A Prospective Study","","","Studies in Computational Intelligence",575,"","397","430","","10.1007/978-3-319-11017-2_16","2015",2015,"","","","",3
"37","C037",NA,NA,NA,NA,NA,NA,NA,"J","Dijkstra, T. K","","","Consistent partial least squares estimators for linear and polynomial factor models. A report of a belated, serious and not even unsuccessful attempt","","","ResearchGate",NA,"","","","","10.13140/RG.2.1.3997.0405","",2011,"","","","",2
"38","C038",NA,NA,NA,NA,NA,NA,NA,"J","Durazo, B. E.; Chavez, C. B. H.; Gonzalez, P. M. E.; Nava, G. B.","","","Estudio descriptivo sobre el consumo de pescados y mariscos en una muestra de la comunidad universitaria en Ensenada, Mexico","","","Researchgate",NA,"11","1","19","","","",2013,"","","","",1
"39","C039",NA,NA,NA,NA,NA,NA,NA,"J","Duvell, F.","","","Ukraine-Europe's Mexico?","","","ResearchGate",NA,"","","","","","",2007,"","","","",6
"40","C040",NA,NA,NA,NA,NA,NA,NA,"J","Fabritsiev, S. A.; Pokrovsky, A. S.; Bagautdinov, R. M.","","","Neutron irradiation effect on the mechanical properties and structure of beryllium","","","ResearchGate",NA,"","1062","1076","","","",1999,"","","","",1
"41","C041",NA,NA,NA,NA,NA,NA,NA,"J","Feizizadeh, B.; Blaschke, T.","","","Examining urban heat island relations to land use and air pollution: multiple endmember spectral mixture analysis for thermal remote sensing","","","Researchgate",3,"6","1","8","","","",2013,"","","","",1
"42","C042",NA,NA,NA,NA,NA,NA,NA,"J","Fernandez-Ruiz, R.","","","Experimental correlation study of the <SUP>7</SUP>Li and <SUP>93</SUP>Nb MAS-NMR signals versus vacant composition in Lithium Niobate","","","ResearchGate",NA,"","","","","","September",2015,"","","","",1
"43","C043",NA,NA,NA,NA,NA,NA,NA,"J","Fourati, S.; Jedidi, W.","","","Some remarks on the class of Bernstein functions and some subclasses","","","ResearchGate Article",NA,"","","","","","",2011,"","","","",1
"44","C044",NA,NA,NA,NA,NA,NA,NA,"J","Fukushima, S.; Yamaguchi, M.; Harusawa, F.","","","Effect of cetostearyl alcohol on stabilization of oil-in-water emulsion: II. Relation between crystal form of the alcohol and stability of the emulsion","","","ResearchGate",59,"","159","165","","","",1977,"","","","",1
"45","C045",NA,NA,NA,NA,NA,NA,NA,"J","Galkin, M.; Auer, S.; Scerri, S.","","","Enterprise Knowledge Graphs: A Backbone of Linked Enterprise Data","","","ResearchGate",NA,"","","","","","May",2016,"","","","",1
"46","C046",NA,NA,NA,NA,NA,NA,NA,"J","Gelsinger, P.; Kirkpatrick, D.; Kolodny, A.; Singer, G.","","","Coping with the Complexity of Microprocessor Design at Intel-A CAD History","","","Researchgate",NA,"","","","","","",NA,"","","","",1
"47","C047",NA,NA,NA,NA,NA,NA,NA,"J","Gener, T.; Reig, R.; Sanchez-Vives, M.V.","","","A new paradigm for the reversible blockage of whisker sensory transmission","","","ResearchGate",176,"","63","67","","","",2008,"","","","",1
"48","C048",NA,NA,NA,NA,NA,NA,NA,"J","Goodhead, D. T.","","","","","","ResearchGate",NA,"","","","","","",2013,"","","","",1
"49","C049",NA,NA,NA,NA,NA,NA,NA,"J","Grande, Marion; Meffert, Elisabeth; Schoenberger, Eva; Jung, Stefanie; Frauenrath, Tobias; Huber, Walter; Hussmann, Katja; Moormann, Mareike; Heim, Stefan","","","From a concept to a word in a syntactically complete sentence: An fMRI study on spontaneous language production in an overt picture description task","","","NEUROIMAGE",61,"3","702","714","","10.1016/j.neuroimage.2012.03.087","JUL 2 2012",2012,"","","","",13
"50","C050",NA,NA,NA,NA,NA,NA,NA,"J","Green, Maia","","","Making Africa Middle Class: From Poverty Reduction to the Production of Inequality in Tanzania","","","ResearchGate",2,"2","","","","DOI 10.1002/SEA2.12032","",2015,"","","","",1
"51","C051",NA,NA,NA,NA,NA,NA,NA,"J","Gropler, RJ; Peterson, LR","","","Imaging of Myocardial Metabolism","","","ResearchGate.",NA,"","641","56","","","",2010,"","","","",1
"52","C052",NA,NA,NA,NA,NA,NA,NA,"J","Hafferty, F.; Salloway, J.C.","","","The evolution of medicine as a profession. A 75-year perspective","","","ResearchGate",76,"1","26","35","","","",1993,"","","","",1
"53","C053",NA,NA,NA,NA,NA,NA,NA,"J","Hammer, D; Elby, A; Scherr, RE; Redish, EF","","","Resources, framing, and transfer","","","ResearchGate",NA,"","","","","","",NA,"","","","",1
"54","C054",NA,NA,NA,NA,NA,NA,NA,"J","Harbach, RE","","","The mosquitoes of the subgenus culex in southwestern Asia and Egypt (Diptera: culiciclae)","","","ResearchGate",24,"","1","240","","","",1988,"","","","",1
"55","C055",NA,NA,NA,NA,NA,NA,NA,"J","Hari, R.","","","The neuromagnetic method in the study of the human auditory cortex","","","ResearchGate",6,"","","","","","",1990,"","","","",1
"56","C056",NA,NA,NA,NA,NA,NA,NA,"J","Hartenstein, R","","","The alternative machine paradigm for energy efficient computing","","","ResearchGate",NA,"","113","113","","10.13140/RG.2.2.19501.49124","",2016,"","","","",1
"57","C057",NA,NA,NA,NA,NA,NA,NA,"J","Heldenbrand, SD; Dayer, L; Renna, C","","","Navigating the flooded adherence app marketplace: rating the quality of medication adherence apps","","","ResearchGate",NA,"","","","","","",2015,"","","","",1
"58","C058",NA,NA,NA,NA,NA,NA,NA,"J","Hien, H; Berthe, A; Drabo, MK; Meda, N; Konate, B; Tou, F","","","Husavik energy-multiple use of geothermal energy thermie project nr.ge 321/98/is/dk. Htisavik Energy-Multiple use of geothermal energy Thermie project nr. GE 321/98/IS/DK","","","ResearchGate",19,"11","1328","33","","","",2003,"","","","",1
"59","C059",NA,NA,NA,NA,NA,NA,NA,"J","Hinrichsen, PF","","","Analysis of bi and trifilar suspension oscillations","","","Researchgate",NA,"","64","64","","","",2015,"","","","",1
"60","C060",NA,NA,NA,NA,NA,NA,NA,"J","Hinton, G. E.; Srivastava, N.; Krizhevsky, A.; Sutskever, I.; Salakhutdinov, R. R.","","","Improving neural networks by preventing co adaptation of feature detectors","","","ResearchGate",3,"4","212","223","","","",2012,"","","","",61
"61","C061",NA,NA,NA,NA,NA,NA,NA,"J","Hong, Jang; Rani, Han; Song, Shim","","","Expanded polystyrene (eps) buoy as a possible source of hexabromocyclododecanes (HBCDs) in the marine environment","","","ResearchGate",75,"","882","885","","","",2013,"","","","",1
"62","C062",NA,NA,NA,NA,NA,NA,NA,"J","Hu, G.; Liu, C.; Liao, Y.; Yang, L; Huang, R.; Wu, J.; Xie, J.; Bundhoo, K.; Liu, Y.; Bin, J.","","","Ultrasound molecular imaging of arterial thrombi with novel microbubbles modified by cyclic RGD in vitro and in vivo","","","ResearchGate",107,"","172","183","","","",2011,"","","","",1
"63","C063",NA,NA,NA,NA,NA,NA,NA,"J","Iftekhar, S.; Srivastava, V.; Sillanpaa, M.","","","Synthesis and application of LDH intercalated cellulose nanocomposite for separation of rare earth elements (REEs)","","","ResearchGate",NA,"","","","","","",2016,"","","","",1
"64","C064",NA,NA,NA,NA,NA,NA,NA,"J","Jagannathan, L; Cuddapah, S; Costa, M","","","Oxidative stress under ambient and physiological oxygen tension in tissue culture","","","ResearchGate.",NA,"","","","","DOI 10.1007/S40495-016-0050-5","",2016,"","","","",1
"65","C065",NA,NA,NA,NA,NA,NA,NA,"J","Jaiswal, M; Gandhi, A; Sharma, A; Mittal, SR","","","Spectrum of complex non-missile penetrating spinal injury: a series of four cases with review of literature","","","ResearchGate",5,"","25","34","","","",2014,"","","","",1
"66","C066",NA,NA,NA,NA,NA,NA,NA,"J","Jakobek, L.; Seruga, M.; Novak, I.; Medvidovic-Kosanovic, M.","","","","","","Research Gate",103,"","1","1","","","",2007,"","","","",1
"67","C067",NA,NA,NA,NA,NA,NA,NA,"J","Johansson, G; Winroth, M","","","Lean vs. Green manufacturing: similarities and differences","","","ResearchGate",NA,"","","","","","",2009,"16th International Annual EurOMA Conference: Implementation-Realizing Operations Management Knowledge","","","",1
"68","C068",NA,NA,NA,NA,NA,NA,NA,"J","Karimov, K. S.; Khalid, F. A.; Chani, M. T. S.; Mateen, A.; Hussain, M. A.; Maqbool, A.","","","Carbon nanotubes based flexible temperature sensors","","","ResearchGate",6,"1","","","","","",NA,"","","","",1
"69","C069",NA,NA,NA,NA,NA,NA,NA,"J","Kelly, O. D.; Anane, A.; Bernard, R.; Youssef, J. B.; Hahn, C.; Molpeceres, A.-H.; Carretero, C.; Jacquet, E.; Deranlot, C.; Bortolotti, P.; Lebourgois, R.; Mage, J.-C.; Loubens, G. de; Klein, O.; Cros, V.; Fert, A.","","","","","","ResearchGate",NA,"","","","","","",2013,"","","","",1
"70","C070",NA,NA,NA,NA,NA,NA,NA,"J","Kharisov, B. I.","","","Dispersion of carbon nanotubes in water and non-aqueous solvents","","","ResearchGate",NA,"","","","","","",NA,"","","","",1
"71","C071",NA,NA,NA,NA,NA,NA,NA,"J","Khitun, A.; Nikonov, D. E.; Bao, M.; Galatsis, K.; Wang, K. L.","","","","","","ResearchGate",NA,"","","","","","",2007,"","","","",1
"72","C072",NA,NA,NA,NA,NA,NA,NA,"J","Kincaid, RL","","","Assessment of trace mineral status of ruminants: a review","","","ResearchGate",NA,"","77","77","","","",1999,"","","","",1
"73","C073",NA,NA,NA,NA,NA,NA,NA,"J","Kleinberg, S. C.; Arroyo, J. E.; Chih, K.; Scherer, S. S.","","","Na, K-ATPase isoforms in the PNS: Cell-type specific expression and internodal localization inmyelinated axons","","","ResearchGate",NA,"","","","","","",2007,"","","","",1
"74","C074",NA,NA,NA,NA,NA,NA,NA,"J","Koch, D.; Buchan, W.; Cnop, T.; Antwerp, U.","","","Proper Pretreatment Systems Reduce Membrane Replacement Element Costs and Improve Reliability","","","ResearchGate",NA,"","","","","","",2005,"","","","",1
"75","C075",NA,NA,NA,NA,NA,NA,NA,"J","Kolobukhina, LV; Nosik, NN; Merkulova, LN","","","Time course of leukocyte interferon induction after single and repeated application of panavir","","","ResearchGate",8,"","49","52","","","",2009,"","","","",1
"76","C076",NA,NA,NA,NA,NA,NA,NA,"J","Kviesis-Kipge, E.; Curkste, E.; Spigulis, J.; Eihvalde, L.","","","","","","ResearchGate",7715,"","2010","2010","","","",2010,"","","","",1
"77","C077",NA,NA,NA,NA,NA,NA,NA,"J","","","","Strukturmodell des Rezeptors","","","ResearchGate",NA,"","","","","","",2014,"","","","",1
"78","C078",NA,NA,NA,NA,NA,NA,NA,"J","Hong, Jooheon","","이대훈","Immune-Enhancing Effects of Polysaccharides Isolated from Ascidian (Halocynthia roretzi) Tunic","우렁쉥이(Halocynthia roretzi) 껍질로부터 분리된 다당류의 면역증강 효과","한국식품영양과학회지","Journal of the Korean Society of Food Science and Nutrition",44,"5","673","680","","","2015",2015,"","","","",2
"79","C079",NA,NA,NA,NA,NA,NA,NA,"J","Labruto, R.; Leroux, C","","","","","","A green paper on legal issues in robotics",NA,"","","","","","",2013,"","","","",1
"80","C080",NA,NA,NA,NA,NA,NA,NA,"J","Li, L; Luo, Y","","","Improved Video Moving Target Tracking Based on Camshift","","","ResearchGate",3,"2","8","15","","","",2016,"","","","",1
"81","C081",NA,NA,NA,NA,NA,NA,NA,"J","Lim, S.-J.; Jeong, Y.-Y.; Lee, C.-W.; Ho, Y.-S.","","","Automatic segmentation of the liver in CT images using the watershed algorithm based on morphological filtering","","","ResearchGate",NA,"","","","","","(May) (",2004,"","","","",1
"82","C082",NA,NA,NA,NA,NA,NA,NA,"J","Linden, PF; Turner, JS","","","The formation of optimal vortex rings, and the efficiency of propulsion devices","","","ResearchGate",427,"","61","72","","","",NA,"","","","",1
"83","C083",NA,NA,NA,NA,NA,NA,NA,"J","Liste, H.-H.; Felgentreu, D.","","","Crop growth, culturable bacteria, and degradation of petrol hydrocarbons (PHCs) in a long-term contaminated field soil","","","ResearchGate",NA,"","","","","","",2006,"","","","",1
"84","C084",NA,NA,NA,NA,NA,NA,NA,"J","Liu, B.; Wildman, R.; Tuck, C.; Ashcroft, I.; Hague, R.","","","Investigaztion the effect of particle size distribution on processing parameters optimisation in selective laser melting process","","","ResearchGate",NA,"","","","","","Jan.",2011,"","","","",1
"85","C085",NA,NA,NA,NA,NA,NA,NA,"J","Lopez-Lazaro, M.","","","","","","Pancreatic cancer formation is gradual",NA,"","","","","","",2017,"","","","",1
"86","C086",NA,NA,NA,NA,NA,NA,NA,"J","Lopez-Lazaro, M","","","Understanding cancer: 15 questions and answers","","","ResearchGate",NA,"","","","","","",2016,"","","","",1
"87","C087",NA,NA,NA,NA,NA,NA,NA,"J","Lujan-Tangarife, J. A.; Cardona-Arias, J. A.","","","Construction and validation of measurement scales in health: a review of psychometric properties","","","ResearchGate",11,"","1","10","","","",2015,"","","","",1
"88","C088",NA,NA,NA,NA,NA,NA,NA,"J","Margolin, L.","","","","","","ResearchGate",1,"","1","28","","","",2013,"","","","",1
"89","C089",NA,NA,NA,NA,NA,NA,NA,"J","Markovic, Goran; Mutschler, Tina; Woellner, Karin; Gauglitz, Guenter","","","Application of surface acoustic waves for optimisation of biocompatibility of carboxymethylated dextran surfaces","","","SURFACE & COATINGS TECHNOLOGY",201,"3-4","1282","1288","","10.1016/j.surfcoat.2006.01.062","OCT 5 2006",2006,"","","","",11
"90","C090",NA,NA,NA,NA,NA,NA,NA,"J","Marquardt, W.","","","","","","Traveling Waves in Chemical Processes",30,"4","585","606","","","",1990,"","","","",1
"91","C091",NA,NA,NA,NA,NA,NA,NA,"J","Mateljevic, M.","","","Note on rigidty of holomorphic mappings & Schwarz and Jack lemma","","","ResearchGate",NA,"","","","","","September",2015,"","","","",1
"92","C092",NA,NA,NA,NA,NA,NA,NA,"J","Matveev, V","","","What is your opinion on this paper?","","","Researchgate",NA,"","","","","","",2014,"","","","",1
"93","C093",NA,NA,NA,NA,NA,NA,NA,"J","McRobie, A","","","","","","Rankine reciprocals with zero bars",NA,"","","","","","",2017,"","","","",3
"94","C094",NA,NA,NA,NA,NA,NA,NA,"J","Meier, ML","","","Using X-ray diffraction to measure changes in unit cell dimensions due to alloying","","","ResearchGate",NA,"","","","","","",2004,"","","","",2
"95","C095",NA,NA,NA,NA,NA,NA,NA,"J","Metz, M.; Staubach, P.; Bauer, A.; Brehler, R.; Gericke, J.; Ashton-Chess, J.; Jarvis, P.; Canvin, J.; Erpenbeck, V. J.; Maurer, M.","","","Omalizumab normalizes levels of high affinity immunoglobulin E receptor-positive skin cells in patients with chronic spontaneous urticaria: a randomized, double-blind, placebo-controlled study","","","JOURNAL OF INVESTIGATIVE DERMATOLOGY",134,"","S30","S30","","","SEP 2014",2014,"44th Annual Meeting of the European-Society-for-Dermatological-Research (ESDR)","SEP 10-13, 2014","European Soc Dermatol Res","Copenhagen, DENMARK",9
"96","C096",NA,NA,NA,NA,NA,NA,NA,"J","Meyer, E.","","","Massive Open Oline Courses (MOOCS): a research brief","","","ResearchGate",NA,"","","","","10.13140/RG.2.1.4430.6406","",2015,"","","","",1
"97","C097",NA,NA,NA,NA,NA,NA,NA,"J","Na, K; Chaves, A; Pellegrino, JP","","","A simple device for quantitative stool thick-smear technique in Schistomiasis mansoni","","","ResearchGate",14,"","397","400","","","",1971,"","","","",1
"98","C098",NA,NA,NA,NA,NA,NA,NA,"J","Naranjo-Madrigal, H.","","","Bajos Pesqueros en el Pacifico Norte de Costa Rica: Importancia ecologi-ca e implicaciones socio-economicas y de manejo","","","Researchgate. net.",NA,"","","","","10.13140/RG.2.1.4326.2965","",2016,"","","","",1
"99","C099",NA,NA,NA,NA,NA,NA,NA,"J","Ng, K.H.; Faust, O.; Sudarshan, V.; Chattopadhyay, S.","","","Data overloading in medical imaging: emerging issues, challenges and opportunities in efficient data management","","","ResearchGate",5,"4","","","","","August",2015,"","","","",1
"100","C100",NA,NA,NA,NA,NA,NA,NA,"J","Norman, L; Thomas, DN","","","Long-term storage of riverine dissolved organic carbon. Technical note","","","ResearchGate.",NA,"","","","","10.13140/2.1.3331.5200","",2014,"","","","",1
"101","C101",NA,NA,NA,NA,NA,NA,NA,"J","Norman, L.; Thomas, D. N.","","","Long-term storage of riverine dissolved organic carbon, Technical note","","","Researchgate",NA,"","","","","10.13140/2.1.3331.5200","",2014,"","","","",1
"102","C102",NA,NA,NA,NA,NA,NA,NA,"J","Nzihou, Ange; Stanmore, B. R.","","","The Formation of Aerosols During the Co-combustion of Coal and Biomass","","","WASTE AND BIOMASS VALORIZATION",6,"6","947","957","","10.1007/s12649-015-9390-3","DEC 2015",2015,"","","","",2
"103","C103",NA,NA,NA,NA,NA,NA,NA,"J","Oetzel, M.; Heger, G.; Koslowski, T.","","","Einfluss von Umgebungsfeuchte and Temperatur auf die Phasenumwandlungen im System CaSO<INF>4</INF>-H20","","","ResearchGate",53,"","254","361","","","",2000,"","","","",1
"104","C104",NA,NA,NA,NA,NA,NA,NA,"J","Omboni, S.; Isasti, G.","","","How to Measure Interbeat Interval in Human Patients","","","ResearchGate",NA,"","","","","","Jan. 18,",2013,"","","","",1
"105","C105",NA,NA,NA,NA,NA,NA,NA,"J","O'Reilly-Shah, V; Mackey, S","","","","","","ResearchGate",NA,"","","","","","",2011,"","","","",1
"106","C106",NA,NA,NA,NA,NA,NA,NA,"J","Palatsi, J; Campos-Pozuelo, E; Torres, M; Porras, S; Flotats, X.","","","Full-scale combination of anaerobic digestion and concentration by evaporation in Garrigues (Lleida, Spain): Evaluation after 2 years of operation","","","ResearchGate",NA,"","","","","","",2005,"","","","",1
"107","C107",NA,NA,NA,NA,NA,NA,NA,"J","[Anonymous]","","","Clay pan, 'Is China an Emerging Sanctioning State?","","","ResearchGate",NA,"","","","","","December",2012,"","","","",1
"108","C108",NA,NA,NA,NA,NA,NA,NA,"J","Patel, D. B.; Chauhan, K. R.; Mukhopadhyay, I.","","","Effect of Electrode's geometric shape, thickness and porosity on the performance of dye sensitized solar cell, III","","","ResearchGate",NA,"","8","19","","","",2014,"","","","",1
"109","C109",NA,NA,NA,NA,NA,NA,NA,"J","Petch, N.J.","","","The cleavage strength of polycrystals","","","ResearchGate",173,"","25","28","","","",1953,"","","","",1
"110","C110",NA,NA,NA,NA,NA,NA,NA,"J","Petersen, B.; Gernaey, K.; Henze, M.; Vanrolleghem, P.A","","","Evaluation of an ASM 1 model calibration procedure on a municipal-industrial wastewater treatment plant","","","ResearchGate",4,"","","","","","",2002,"","","","",1
"111","C111",NA,NA,NA,NA,NA,NA,NA,"J","Popova, NA; Sheka, EF","","","Mechanochemical reaction in graphane under uniaxial tension","","","Researchgate",NA,"","","","","","",2011,"","","","",1
"112","C112",NA,NA,NA,NA,NA,NA,NA,"J","Pribyl, J.; Krejcova, H.; Pribylova, J.; Misztal, I.; Bohmanova, J","","","Trajectory of body weight of performance tested dual-purpose bulls.","","","ResearchGate",52,"","","","","","",2007,"","","","",1
"113","C113",NA,NA,NA,NA,NA,NA,NA,"J","Qi, F; Shi, X-T; Liu, F-F; Yang, Z-H","","","A double inequality for an integral mean in terms of the exponential and logarithmic means","","","ResearchGate",NA,"","","","","10.13140/RG.2.1.2353.6800","",2015,"","","","",1
"114","C114",NA,NA,NA,NA,NA,NA,NA,"J","Rabin, M.O.; Thorpe, C.","","","Time-laspe cryptography","","","ResearchGate",NA,"","1","16","","","",2007,"","","","",1
"115","C115",NA,NA,NA,NA,NA,NA,NA,"J","Rao, J. G.; Zhang, Y. S.; Fokas, A. S.; He, J. S.","","","Rogue waves of the nonlocal Davey-Stewartson I equation","","","ResearchGate",NA,"","","","","","",2017,"","","","",1
"116","C116",NA,NA,NA,NA,NA,NA,NA,"J","[Anonymous]","","","Improvement of contusive spinal cord injury in rats by co- transplantation of gamma- aminobutyric acidergic cells and bone marrow stromal cells","","","ResearchGate",NA,"","","","","","",NA,"","","","",1
"117","C117",NA,NA,NA,NA,NA,NA,NA,"J","","ResearchGate","","","","","ResearchGate",NA,"","","","","","",2008,"","","","",1
"118","C118",NA,NA,NA,NA,NA,NA,NA,"J","","ResearchGate","","Researcher partly validates results of controversial stem cell study","","","ResearchGate",NA,"","","","","","Apr 1",2014,"","","","",1
"119","C119",NA,NA,NA,NA,NA,NA,NA,"J","[Anonymous]","","","Supplementary material- NPh 17044SS","","","ResearchGate",NA,"","","","","","20 June",2017,"","","","",1
"120","C120",NA,NA,NA,NA,NA,NA,NA,"J","Roschek, T.","","","MICROMORPH&TRADE; Technology: Introduction and the Path to Record Efficiencies","","","ResearchGate",NA,"","","","","","",2015,"","","","",1
"121","C121",NA,NA,NA,NA,NA,NA,NA,"J","Roschek, T.","","","MICROMORPHrm Technology: introduction and the path to record efficiencies","","","ResearchGate",NA,"","","","","10.13140/RG.2.1.1628.8804","",2015,"","","","",1
"122","C122",NA,NA,NA,NA,NA,NA,NA,"J","Saleh, M.","","","A vase or a face: Is (in part) an influence of image schemas","","","ResearchGate",NA,"","","","","","",2013,"","","","",1
"123","C123",NA,NA,NA,NA,NA,NA,NA,"J","Schindel, W.","","","What is the Smallest Model of a System?","","","ResearchGate",NA,"","","","","","",2011,"","","","",1
"124","C124",NA,NA,NA,NA,NA,NA,NA,"J","Scrucca, L.; Fop, M.; Murphy, T. B.; Raftery, A. E.","","","mclust 5: Clustering, Classification and Density Estimation Using Gaussian Finite Mixture Models","","","ResearchGate",8,"1","204","233","","","",2016,"","","","",1
"125","C125",NA,NA,NA,NA,NA,NA,NA,"J","Forshaw, SD","","","Memory of a universal mind. Galactic structures and their existence as cognitive operators in an emerging universally conscious machine","","","ResearchGate",NA,"","","","309209078","","",2016,"","","","",1
"126","C126",NA,NA,NA,NA,NA,NA,NA,"J","Serio, R.; Billack, B.","","","Potential Tumor Biomarkers for Ovarian Cancer","","","Researchgate. Net",125,"","","","","","",2011,"","","","",1
"127","C127",NA,NA,NA,NA,NA,NA,NA,"J","Set, E; Akdemir, AO; Celik, B","","","On generalization of Fejer type inequalities via fractional integral operator","","","ResearchGate",NA,"","","","","","",NA,"","","","",1
"128","C128",NA,NA,NA,NA,NA,NA,NA,"J","Set, E; Celik, B","","","On generalization related to the left side of Fejer's inequalites via fractional integral operator","","","ResearchGate",NA,"","","","","","",NA,"","","","",1
"129","C129",NA,NA,NA,NA,NA,NA,NA,"J","Set, E; Choi, J; Celik, B","","","A new approach to generalized of Hermite-Hadamard inequality using fractional integral operator","","","ResearchGate",NA,"","","","","","",NA,"","","","",1
"130","C130",NA,NA,NA,NA,NA,NA,NA,"J","Shabila, N","","","Assessment of the Iraqi primary care referral system: reporting a high self-requested referral rate","","","ResearchGate.",10,"3","4","10","","","",2012,"","","","",1
"131","C131",NA,NA,NA,NA,NA,NA,NA,"J","Shackleford, JA; Shusharina, N; Verberg, J","","","Plastimatch 1. 6-current capabilities and future directions","","","ResearchGate",NA,"","108","119","","","",2012,"","","","",1
"132","C132",NA,NA,NA,NA,NA,NA,NA,"J","Shalashvili, A.; Ugrekhelidze, D.; Mitaishvili, T.; Targamadze, I.; Zambakhidze, N.","","","Phenolic compounds of wines from georgian autochthonous grapes, rkatsiteli and saperavi, prepared by georgian (kakhetian) technology","","","ResearchGate",6,"","99","103","","","",2012,"","","","",2
"133","C133",NA,NA,NA,NA,NA,NA,NA,"J","Sharbrough, FW; Chatrian, GE; Lesser, RP; Luders, H; Nuwer, M; Picton, TW","","","Guideline thirteen: Guidelines for standard electrode position nomenclature American Electroencephalographic Society J Clin Neurophysiol 1994 11 111 113 8195414","","","ResearchGate",8,"","200","202","","","",1991,"","","","",1
"134","C134",NA,NA,NA,NA,NA,NA,NA,"J","Steeg, T.","","","Systems thinking and practice: a review and analysis of key ideas and their implications for practice in design & technology education","","","ResearchGate",NA,"","203","214","","","",2000,"","","","",1
"135","C135",NA,NA,NA,NA,NA,NA,NA,"J","Stephant, N.","","","In: Why during SEM-EDX We Cannot Detect Nitrogen However on the Element Map Nitrogen Is Detected what Reason Could Someone Explain","","","Researchgate",NA,"","","","","","",2016,"","","","",1
"136","C136",NA,NA,NA,NA,NA,NA,NA,"J","Sternke, E.","","","Unruly bodies: infertility as a disability","","","ResearchGate",NA,"","","","","","",2010,"","","","",1
"137","C137",NA,NA,NA,NA,NA,NA,NA,"J","Straatman, J; van der Peet, DL","","","C- reactive protein after major ab- dominal surgery: biochemical and clinical aspects","","","ResearchGate [Internet]",NA,"","2","2","","","",2015,"","","","",1
"138","C138",NA,NA,NA,NA,NA,NA,NA,"J","Takamura, K.; Ueda, Y.; Irie, U.; Yamaguchi, Y.","","","Immunohistology with antibodies specific to test cells in the ascidian Ciona intestinalis suggests their role in larval tunic formation","","","ResearchGate.",13,"","241","251","","","",2009,"","","","",1
"139","C139",NA,NA,NA,NA,NA,NA,NA,"J","Tan, W.; Hunley, P.; St Omer, I.","","","Properties of silicon carbide nanotubes formed via reaction of SiO2 powder with SWCNTs and MWCNTs","","","ResearchGate.",NA,"","","","","DOI 10.1109/SECON.2009.5174082","",2009,"","","","",1
"140","C140",NA,NA,NA,NA,NA,NA,NA,"J","Tan Yue; Gao Dong-sheng; Li Ling; Wet Hai-rong; Wang Jia-wei; Liu Qing-zhong","","","Relationships between H2O2 metabolism and Ca2+ transport in dormancy-breaking process of nectarine floral buds.","","","Yingyong Shengtai Xuebao",26,"2","425","429","1001-9332(2015)26:2<425:YTHYPM>2.0.TX;2-R","","FEB 2015",2015,"","","","",1
"141","C141",NA,NA,NA,NA,NA,NA,NA,"J","Tawatwachoom, T.; Khottoom, N.; Wairuangsiripon, S.; Rungrojchaipon, P.","","","","","","Researchgate",NA,"","1","1","","DOI 10.13140/RG.2.1.2669.5847","",2015,"","","","",1
"142","C142",NA,NA,NA,NA,NA,NA,NA,"J","Terenin, Alexander; Draper, David","","","Rigorizing and Extending the Cox-Jaynes Derivation of Probability: Implications for Statistical Practice","","","ResearchGate.net",NA,"","","","","","",2015,"","","","",1
"143","C143",NA,NA,NA,NA,NA,NA,NA,"J","Ticinesi, A.; Lauretani, F.; Nouvenne, A.; Porro, E.; Fanelli, G.; Maggio, M.; Meschi, T.","","","C-Reactive Protein (CRP) Measurement in Geriatric Patients Hospitalized for Acute Infection","","","ResearchGate.",NA,"","","","","","",2016,"","","","",1
"144","C144",NA,NA,NA,NA,NA,NA,NA,"J","Trotteyn, M. J.","","","Nuevas evidencias del desarrollo del floculo en el cerebelo de arcosauriformes: variabilidad e implicancias paleobiologicas","","","Research Gate",NA,"","","","","","",2015,"","","","",1
"145","C145",NA,NA,NA,NA,NA,NA,NA,"J","Tversky, A; Kahneman, D","","","Evidential Impact of Base Rates","","","ResearchGate.",NA,"","29","29","","","",1981,"","","","",1
"146","C146",NA,NA,NA,NA,NA,NA,NA,"J","[Anonymous]","","","Uncovering Excellence in Academic Rankings: A Closer Look at the Shanghai Ranking","","","ResearchGate",NA,"","","","","","14 July",2009,"","","","",1
"147","C147",NA,NA,NA,NA,NA,NA,NA,"J","Yuzhakov, V.V.","","","The AdminPenTM microneedle device for painless & convenient drug delivery","","","Drug Deliv.ery Technol",10,"4","32","36","","","",2010,"","","","",2
"148","C148",NA,NA,NA,NA,NA,NA,NA,"J","van Borkulo, CD; Waldorp, LJ; Boschloo, L","","","Comparing network structures on three aspects: a permutation test","","","ResearchGate",NA,"","","","","","",NA,"","","","",1
"149","C149",NA,NA,NA,NA,NA,NA,NA,"J","Brakel, Van J.","","","Mass transfer in convective drying","","","ResearchGate",1,"","217","267","","","",1980,"","","","",1
"150","C150",NA,NA,NA,NA,NA,NA,NA,"J","Van Keulen, M; Otten, W; Ruiter, R; Van Steenbergen, J; Fekkes, M; Paulussen, TW","","","Researchgate","","","Redenen om zich te laten vaccineren tegen HPV",NA,"","","","","","",2013,"","","","",1
"151","C151",NA,NA,NA,NA,NA,NA,NA,"J","Vanrolleghem, P.A.; Insel, G.; Petersen, B.; Sin, G.; Pauw, D.D.; Nopens, I.; Dovermann, H.; Weijers, S.; Gernaey, K","","","A comprehensive model calibration procedure for activated sludge models","","","ResearchGate",NA,"","","","","","",2003,"","","","",1
"152","C152",NA,NA,NA,NA,NA,NA,NA,"J","Verdelhos, T.; Cardoso, P.G.; MaP, M.D","","","Latitudinal gradients in Scrobicularia plana reproduction patterns, population dynamics, growth, and secondary production","","","ResearchGate",442,"","","","","","",2011,"","","","",1
"153","C153",NA,NA,NA,NA,NA,NA,NA,"J","Voipio-Pulkki, LM; Nuutila, P; Knuuti, MJ; Ruotsalainen, U; Haaparanta, M; Teras, M","","","Heart and skeletal muscle glucose disposal in type 2 diabetic patients as determined by positron emission tomography","","","ResearchGate.",34,"12","2064","7","","","Jan 1",1994,"","","","",1
"154","C154",NA,NA,NA,NA,NA,NA,NA,"J","Wang, W.; Li, S.; Qi, H.; Ayhan, B.; Kwan, C.; Vance, S.","","","Revisiting the preprocessing procedures for elemental concentration estimation based on CHEMCAM LIBS on MARS Rover","","","RESEARCHGATE",NA,"","","","","","",2014,"6th Workshop on Hyperspectral Image and Signal Processing: Evolution in Remote Sensing","","","",1
"155","C155",NA,NA,NA,NA,NA,NA,NA,"J","Watthanaworawit, W.; Turner, P.; Turner, C. L.; Tanganuchitcharnchai, A.; Jarman, E. G.; Blacksell, S. D.; Nosten, F. H.","","","A prospective evaluation of diagnostic methodologies for the acute diagnosis of dengue virus infection on the Thailand-Myanmar border","","","ResearchGate",105,"","32","37","","","",2010,"","","","",1
"156","C156",NA,NA,NA,NA,NA,NA,NA,"J","Xi, B. Y.; Bai, S. P.; Qi, F.","","","","","","Some new inequalities of Hermite-Hadamard type for (a, mi)-(s, m2)-convex functions on coordinates",NA,"","","","","","",NA,"","","","",1
"157","C157",NA,NA,NA,NA,NA,NA,NA,"J","Xiao, Y.; Wehrs, J.; Ma, H.; Al-Samman, T.; Korte-Kerzel, S.; Gken, M.; Michler, J.; Spolenak, R.; Wheeler, J.M.","","","Investigation of the deformation behavior of aluminum micropillars produced by focused ion beam machining using Ga and Xe ions","","","ResearchGate",NA,"","","","","","",2016,"","","","",1
"158","C158",NA,NA,NA,NA,NA,NA,NA,"J","Yin, H.; Schonhals, A.","","","Broadband Dielectric Spectroscopy on Polymer Blends","","","ResearchGate",NA,"","","","","","",2014,"","","","",1
"159","C159",NA,NA,NA,NA,NA,NA,NA,"J","Young, M D; Wakefield, M J; Smyth, G K; Oshlack, A","","","Goseq: gene ontology testing for RNA-seq datasets","","","ResearchGate",NA,"","1","26","","","",2012,"","","","",2
"160","C160",NA,NA,NA,NA,NA,NA,NA,"J","Zhang, D; Li, N; Zhou, ZH; Chen, C; Sun, L; Li, S","","","iBAT: detecting anomalous taxi trajectories from GPS traces. IBAT: detecting anomalous taxi trajectories from GPS traces","","","ResearchGate",NA,"","99","108","","","",2011,"","","","",1
"161","C161",NA,NA,NA,NA,NA,NA,NA,"J","[Anonymous]","","","Assessment of referral characteristics of a sample of patients attending the secondary care units at Erbil teaching hospital","","","ResearchGate",7,"2","70","6","","","",2011,"","","","",1
