,AID,CitationDetail_RG,FulltextAvailable,DOI_RG,AuthorUpload,SourcePubs,SourcePreprint,SourceRepo,SourceWebsite,SourceURl,SourceDOI,ItemClass,Copyrighted,Licensed,HCISI,PT,AU,CA,GP,Z2,TI,Z1,Z3,SO,VL,IS,BP,EP,AR,DI,PD,PY,CT,CY,SP,CL,TC
183,A001,Yes,No,No,No,Cytotherapy June 2013,No,No,No,No,DOI: 10.1016/j.jcyt.2013.05.002,ARTICLE,Yes,No,No,J,[Anonymous],NA,NA,NA,Improvement of contusive spinal cord injury in rats by co- transplantation of gamma- aminobutyric acidergic cells and bone marrow stromal cells,NA,NA,ResearchGate,NA,NA,NA,NA,NA,NA,NA,NA,NA,NA,NA,NA,1
184,A002,Yes,No,No,No,FUZZ-IEEE-2011,No,No,No,No,DOI: 10.1109/FUZZY.2011.6007707,PROCEEDINGS PAPER,Yes,No,NA,J,[Anonymous],NA,NA,NA,Academic paper insights: Investment decision making by using fuzzy candlestick pattern and genetic algorithm,NA,NA,ResearchGate,NA,NA,NA,NA,NA,NA,NA,NA,NA,NA,NA,NA,1
187,A003,Yes,Yes,Yes,Yes,No,No,No,No,No,DOI: 10.13140/RG.2.2.16497.68960,DATA SETS,No,No,NA,J,[Anonymous],NA,NA,NA,Supplementary material- NPh 17044SS,NA,NA,ResearchGate,NA,NA,NA,NA,NA,NA,20-Jun,2017,NA,NA,NA,NA,1
227,A004,Yes,Yes,No,Yes,Scientometrics May 2010,No,No,No,No,DOI: 10.1007/s11192-009-0076-0,ARTICLE,Yes,No,Yes,J,[Anonymous],NA,NA,NA,Uncovering Excellence in Academic Rankings: A Closer Look at the Shanghai Ranking,NA,NA,ResearchGate,NA,NA,NA,NA,NA,NA,14-Jul,2009,NA,NA,NA,NA,1
250,A005,Yes,Yes,No,Yes,The New Iraqi Journal of Medicine,No,No,No,https://journals.indexcopernicus.com/search/article?articleId=894854,No,ARTICLE,NA,NA,NA,J,[Anonymous],NA,NA,NA,Assessment of referral characteristics of a sample of patients attending the secondary care units at Erbil teaching hospital,NA,NA,ResearchGate,7,2,70,6,NA,NA,NA,2011,NA,NA,NA,NA,1
338,A006,Yes,Yes,No,Yes,IEEE ISGT Europe January 2012,No,No,No,https://ieeexplore.ieee.org/xpl/mostRecentIssue.jsp?&punumber%3D6450175%26filter%3DAND%28p_IS_Number%3A6465601%29%26pageNumber%3D2&searchWithin=A%20Survey%20Towards%20Understanding%20Residential%20Prosumers%20in%20Smart%20Grid%20Neighbourhoods&pageNumber=1&resultAction=REFINE,No,PROCEEDINGS PAPER,Yes,No,NA,J,[Anonymous],NA,NA,NA,A surey towards understanding residential prosumers in smart grid neighbouhoods,NA,NA,Research Gate,NA,NA,NA,NA,NA,NA,NA,2012,NA,NA,NA,NA,1
1,A007,No,Yes,No,Yes,Chemeca 2011;,No,No,No,https://search.informit.com.au/browsePublication;isbn=9780858259676;res=IELENG,No,PROCEEDINGS PAPER,Yes,No,NA,J,"Abdollahi, Z; Gomes, VG",NA,NA,NA,Synthesis and characterization of polyacrylamide with controlled molar weight,NA,NA,ResearchGate,NA,NA,1,7,NA,NA,NA,2011,NA,NA,NA,NA,1
251,A008,Yes,No,No,No,Mechanism and Machine Theory 1992,No,No,No,No,https://doi.org/10.1016/0094-114X(92)90064-O,ARTICLE,Yes,No,Preprint,J,"Abrate, S.",NA,NA,NA,"Vibration of belts and belt driver, Mechanism and machine theory",NA,NA,Research Gate,NA,NA,NA,NA,NA,DOI 10.1016/0094-114X(92)90064-O,"November,",1992,NA,NA,NA,NA,1
2,A009,No,Yes,No,No,IJCSE,No,psu.edu ,No,http://www.enggjournals.com/ijcse/doc/IJCSE12-04-05-237.pdf; http://citeseerx.ist.psu.edu/viewdoc/download?doi=10.1.1.433.2037&rep=rep1&type=pdf,No,ARTICLE,NA,CC BY 4.0,NA,J,"Agrawal, M.; Mishra, P.",NA,NA,NA,A Comparative Survey on Symmetric Key Encryption Techniques,NA,NA,ResearchGate,4,5,NA,NA,NA,NA,May,2012,NA,NA,NA,NA,2
3,A010,Yes,No,No,No,International Journal of Research in Ayurveda and Pharmacy,No,No,No,No,DOI: 10.7897/2277-4343.05368,ARTICLE,No,CC BY-NC 3.0,NA,J,"Akilla, B.; Manickavasakam, K.",NA,NA,NA,Anatomical studies on the seeds of Alternanthera sessilis Linn,NA,NA,ResearchGate,NA,NA,NA,NA,NA,NA,NA,2014,NA,NA,NA,NA,1
4,A011,No,Yes,No,Yes,No,No,psu.edu ,Academia.edu; Baidu,http://citeseerx.ist.psu.edu/viewdoc/summary?doi=10.1.1.103.3657;https://s3.amazonaws.com/academia.edu.documents/30709818/2005_Alexander_Brunye_Sidman_Weil.pdf?AWSAccessKeyId=AKIAIWOWYYGZ2Y53UL3A&Expires=1531168242&Signature=%2BEIr27YABS0J4%2FURh33N5XIWuGw%3D&response-content-disposition=inline%3B%20filename%3DFrom_gaming_to_training_A_review_of_stud.pdf; https://wenku.baidu.com/view/16b1d31455270722192ef7bd.html,No,ARTICLE,No,NA,NA,J,"Alexander, A. L.; Brunye, T.; Sidman, J.; Weil, S. A.",NA,NA,NA,"From Gaming to Training: A Review of Studies on Fidelity, Immersion, Presence, and Buy-in and Their Effects on Transfer in PC-Based Simulations and Games",NA,NA,ResearchGate,NA,NA,NA,NA,NA,NA,Jan,2005,NA,NA,NA,NA,1
5,A012,Yes,No,No,No,International Journal of High Speed Electronics and Systems,NA,NA,Academia.edu,https://syr.academia.edu/DamianAllis,DOI: 10.1142/S0129156407004436,ARTICLE,NA,NA,NA,J,"Allis, D. G.; Korter, T. M.",NA,NA,NA,"Development of Computational Methodologies for the Prediction and Analysis of Solid-State Terahertz Spectra, 2",NA,NA,ResearchGate,17,NA,193,212,NA,NA,NA,2007,NA,NA,NA,NA,1
6,A013,Yes,Yes,No,Yes,No,arXiv.org,No,No, arXiv:1605.04695 ,No,PROCEEDINGS PAPER,NA,NA,NA,J,"Amrollahi, A.",NA,NA,NA,A Process Model for Crowdsourcing: Insights from the Literature on Implementation,NA,NA,Research Gate,NA,NA,NA,NA,NA,NA,NA,2016,NA,NA,NA,NA,1
7,A014,NA,Yes,Yes,Yes,No,No,No,No,https://www.researchgate.net/post/How_can_I_do_PerMANOVA_pairwise_contrasts_in_R,No,DISCUSSION,NA,NA,NA,J,"Arbizu, PM",NA,NA,NA,NA,NA,NA,How can I do PerMANOVA pairwise contrasts in R? ResearchGate,NA,NA,NA,NA,NA,NA,30-Jan,2016,NA,NA,NA,NA,1
253,A015,No,Yes,No,Yes,No,No,No,Academia.edu; SemanticScholar,https://s3.amazonaws.com/academia.edu.documents/41679603/Modelling_Inshore_Rockfish_Habitat_in_Br20160128-8147-; https://www.semanticscholar.org/paper/Modelling-Inshore-Rockfish-Habitat-in-British-%3A-A-Ardron-Wallace/e7950088aa9a0def0a1d516657b89cc2442ae42d?tab=referenceshax8ej.pdf?AWSAccessKeyId=AKIAIWOWYYGZ2Y53UL3A&Expires=1532311947&Signature=GV5hiOqsHvwNhUiC68UK96olOj0%3D&response-content-disposition=inline%3B%20filename%3DModelling_Inshore_Rockfish_Habitat_in_Br.pdf,No,BOOK CHAPTER,NA,NA,NA,J,"Ardron, J. A.; Wallace, S.",NA,NA,NA,Modelling inshore rockfish habitat in British Columbia: A pilot study,NA,NA,Research Gate,NA,NA,NA,NA,NA,NA,NA,2015,NA,NA,NA,NA,1
9,A016,NA,NA,NA,NA,NA,NA,NA,NA,NA,NA,NA,NA,NA,NA,J,"Aubry, S.; Andre, G.",NA,NA,NA,NA,NA,NA,ResearchGate,3,NA,NA,NA,NA,NA,Jan.,1980,NA,NA,NA,NA,1
10,A017,No,Yes,No,Yes,GeographicalBulletein,No,No,No,http://web.a.ebscohost.com/ehost/pdfviewer/pdfviewer?vid=2&sid=9bd88b75-66ef-4cec-90f2-81cf375ec15b%40sessionmgr4010,No,ARTICLE,Yes,No,NA,J,"Aucoin, M.; Fry, M.",NA,NA,NA,Growing local food movements: Farmers' markets as nodes for products and community,NA,NA,ResearchGate,56,NA,61,78,NA,NA,NA,2015,NA,NA,NA,NA,1
11,A018,Yes,Yes,Yes,No,No,No,No,No,No,DOI: 10.13140/RG.2.2.21031.85925,DATA SETS,No,No,NA,J,"Auerswald, K.; Hafner, B.D.; Konig, A.",NA,NA,NA,Data of Hoof growth rates of the European roe deer (Capreolus capreolus) for dating the hoof's isotopic archive published in Forests,NA,NA,ResearchGate,NA,NA,NA,NA,NA,DOI 10.13140/RG.2.2.21031.85925,NA,2017,NA,NA,NA,NA,1
12,A019,Yes,Yes,No,Yes,QEST'04,No,No,IEEE Computer Society; Academia.edu,https://www.computer.org/csdl/proceedings/qest/2004/2185/00/21850316.pdf; https://www.academia.edu/13859307/D-ITG_distributed_internet_traffic_generator,DOI: 10.1109/QEST.2004.1348045,PROCEEDINGS PAPER,Yes,No,NA,J,"Avallone, S.; Guadagno, S.; Emma, D.; Pescape, A.; Ventre, G.",NA,NA,NA,DITG Distributed Internet Traffic Generator,NA,NA,ResearchGate,NA,NA,316,317,NA,NA,NA,2004,NA,NA,NA,NA,1
13,A020,Yes,Yes,No,Yes,IJSSST,No,No,No,http://ijssst.info/Vol-15/No-4/paper5.pdf,No,PROCEEDINGS PAPER,Yes,No,NA,J,"Backfrieder, C.; Ostermayer, G.; Mecklenbrauker, C. F.",NA,NA,NA,TraffSim - A traffic simulator for investigations of congestion minimization through dynamic vehicle rerouting,NA,NA,ResearchGate,15,4,38,47,NA,NA,Aug.,2014,NA,NA,NA,NA,2
14,A021,Yes,Yes,No,Yes,Building and Environment; CLIMA 2007,No,No,No,http://www.irbnet.de/daten/iconda/CIB7218.pdf,https://doi.org/10.1016/j.buildenv.2011.08.018,PROCEEDINGS PAPER,Yes,NA,Preprint,J,"Bako-Biro, Z.; Kochhar, N.; Clements-Croome, D.J.; Awbi, H.B.; Willianis, M.",NA,NA,NA,Ventilation Rates in Schools and Learning Performance,NA,NA,ResearchGate,NA,NA,NA,NA,NA,NA,NA,2007,NA,NA,NA,NA,1
16,A022,Yes,Yes,Yes,Yes,No,No,No,Google Docs,https://docs.google.com/viewer?a=v&pid=sites&srcid=ZGVmYXVsdGRvbWFpbnxja3R0aGV2ZW5pbnxneDo2MmUwYjEyNDZhZmY0ZmM5,DOI: 10.13140/RG.2.1.3332.5605,ARTICLE,No,No,NA,J,"Bandyopadhyay, A. K.",NA,NA,NA,Generalized Thevenins ' theorem and its proof,NA,NA,ResearchGate,NA,NA,NA,NA,NA,10.13140/RG.2.1.3332.5605,Apr. 24,2015,NA,NA,NA,NA,1
17,A023,Yes,Yes,No,Yes,No,No,No,World Health Organization; OrganizaciÛn Panamericana de la Salud; IRC,http://www.who.int/water_sanitation_health/dwq/iwaforeword.pdf; http://www.bvsde.paho.org/bvsacg/fulltext/waterquality/content.pdf; https://www.ircwash.org/resources/water-quality-guidelines-standards-and-health-assessment-risk-and-risk-management-water,No,BOOK,Yes,No,NA,J,"Bartram, J.",NA,NA,NA,"Water quality: guidelines, standards, and health: assessment of risk and risk management for water-related infectious disease",NA,NA,ResearchGate,NA,NA,NA,NA,NA,NA,NA,2001,NA,NA,NA,NA,1
254,A024,No,Yes,No,Yes,No,No,No,Global Electronics Business Research Center,http://gebrc.nccu.edu.tw/proceedings/APDSI/2000/list/pdf/P-074.PDF,No,ARTICLE,No,No,NA,J,"Barua, A.; Lang, K. R.; Susarla, A.; Whinston, A B.",NA,NA,NA,NA,NA,NA,Research Gate,NA,NA,NA,NA,NA,NA,NA,2013,NA,NA,NA,NA,1
18,A025,Yes,Yes,No,Yes,"Computer Aided Methods for Modelling, Simulation and Optimization",No,No,No,No,No,ARTICLE,NA,NA,NA,J,"Basam, Venkata R; Ravi Kumar, G",NA,NA,NA,NA,NA,NA,Evolutionary Approach Based Design of BLDC Motor controller with H8 Objectives,NA,NA,NA,NA,NA,NA,NA,2010,NA,NA,NA,NA,1
19,A026,Yes,No,No,No,SIGCSE'13,No,No,No,No,doi.org/10.1145/2445196.2445346,PROCEEDINGS PAPER,Yes,No,NA,J,"Basawapatna, A. R.; Repenning, A.; Lewis, C. H.",NA,NA,NA,The simulation creation toolkit: An initial exploration into making programming accessible while preserving computational thinking,NA,NA,ResearchGate,NA,NA,501,506,NA,NA,NA,2013,NA,NA,NA,NA,1
20,A027,No,Yes,No,Yes,No,No,NA,http://en.jaafarali.info,http://www.jaafarali.info/files/vibration_analysis_guide.pdf,No,ARTICLE,No,No,NA,J,"Basrah, J.",NA,NA,NA,Vibration Analysis and Diagnostic Guide,NA,NA,ResearchGate,NA,NA,NA,NA,NA,NA,December,2016,NA,NA,NA,NA,1
21,A028,Yes,Yes,No,Yes,Third International AAAI Conference on Weblogs and Social Media,No,No,Gephi; Academia.edu,https://aaai.org/ocs/index.php/ICWSM/09/paper/view/154; https://gephi.org/publications/gephi-bastian-feb09.pdf; https://www.academia.edu/302513/Gephi_An_Open_Source_Software_for_Exploring_and_Manipulating_Networks,No,PROCEEDINGS PAPER,Yes,No,NA,J,"Bastian, M.; Heymann, S.; Jacomy, M.",NA,NA,NA,Gephi: An Open Source Software for Exploring and Manipulating Networks,NA,NA,ResearchGate,NA,NA,NA,NA,NA,NA,NA,NA,NA,NA,NA,NA,1
255,A029,Yes,Yes,Yes,Yes,No,No,No,No,No,No,ITEM ABOUT AN INDIVIDUAL,No,No,NA,J,"Belforte, P.",NA,NA,NA,NA,NA,NA,Research gate,NA,NA,NA,NA,NA,NA,NA,2016,NA,NA,NA,NA,1
22,A030,Yes,Yes,Yes,Yes,No,No,No,No,No,DOI 10.13140/RG.2.1.5163.5043,ARTICLE,No,No,NA,J,"Bentaha, M. L.; Dolgui, A.; Battaia, O.",NA,NA,NA,Problem Instances I Have Used in the Numerical Experiments of My Work on Disassembly Line Design and Balancing under Uncertainty,NA,NA,Researchgate,1,NA,1,14,NA,DOI 10.13140/RG.2.1.5163.5043,NA,2015,NA,NA,NA,NA,1
23,A031,Yes,Yes,No,Yes,IJBES,NA,Zenodo,NA,No,DOI: 10.5121/ijbes.2016.3103; 10.5281/zenodo.1292410,ARTICLE,No,CC By 4.0,NA,J,"Bhagawati, A.; Chutia, R.",NA,NA,NA,Design of Single Channel Portable EEG Signal Acquisition System for Brain Computer Interface Application,NA,NA,ResearchGate,NA,NA,NA,NA,NA,NA,NA,2016,NA,NA,NA,NA,1
24,A032,Yes,Yes,Yes,Yes,No,No,No,No,No,No,ARTICLE,No,No,NA,J,"Bhattacharyya, A. S.; Gaurav, K.; Kommu, P. Y.",NA,NA,NA,NA,NA,NA,Researchgate,NA,NA,NA,NA,NA,10.13140/RG.2.1.5077.8082,NA,2015,NA,NA,NA,NA,1
25,A033,Yes,Yes,Yes,Yes,No,No,No,No,No,No,ARTICLE,No,No,NA,J,"Bhavanani, AB",NA,NA,NA,Yoga for health in children,NA,NA,ResearchGate,NA,NA,NA,NA,NA,NA,NA,2007,NA,NA,NA,NA,1
26,A034,Yes,Yes,No,Yes,IJEEDC,No,No,World Research Library,http://www.worldresearchlibrary.org/up_proc/pdf/36-143402020594-97.pdf,DOI: 10.18479/ijeedc/2015/v3i8/48353,ARTICLE,Yes,No,NA,J,"Binol, H.; Uslu, F.; Bal, A.",NA,NA,NA,Unsupervised Nonlinear Feature Extraction Method And Its Effects On Target Detection In High-Dimensional Data,NA,NA,ResearchGate,NA,NA,NA,NA,NA,NA,NA,2015,NA,NA,NA,NA,1
27,A035,No,No,No,No,No,No,No,Google Books; World Cat,https://books.google.com/books/about/The_measurement_of_soil_properties_in_th.html?id=Eu1RAAAAMAAJ; http://www.worldcat.org/title/measurement-of-soil-properties-in-the-triaxial-test/oclc/6439770,No,BOOK,Yes,No,NA,J,"Bishop, A.; Henkel, D. J.",NA,NA,NA,The Measurement of Soil Properties in the Triaxial Test,NA,NA,ResearchGate,NA,NA,NA,NA,NA,NA,Jan.,1957,NA,NA,NA,NA,1
28,A036,Yes,Yes,No,Yes,IntechOpen,No,No,No,No,DOI: 10.5772/61733,BOOK CHAPTER,Yes/Author,CC By 3.0,NA,J,"Bobadila, R.; Berr, A.",NA,NA,NA,Histone Methylation-A corertone for plant responses to environmental stresses?,NA,NA,ResearchGate,NA,NA,31,61,NA,NA,NA,2016,NA,NA,NA,NA,1
29,A037,Yes,No,No,No,The Future of Software Engineering,No,No,Google Books,https://books.google.com/books?id=WXXlTTjMRB8C&pg=PA1&lpg=PA1&dq=%22Some+Future+Software+Engineering+Opportunities+and+Challenges%22&source=bl&ots=-V2TjqGAvl&sig=wk1YG1SXRbBKGp4EYiNChnSmTkk&hl=en&sa=X&ved=2ahUKEwj4kfie_sLcAhXox4MKHatVDRIQ6AEwDXoECAEQAQ#v=onepage&q=%22Some%20Future%20Software%20Engineering%20Opportunities%20and%20Challenges%22&f=false,DOI: 10.1007/978-3-642-15187-3_1,PROCEEDINGS PAPER,Yes,No,Yes,J,"Boehm, B. W.",NA,NA,NA,Some Future Software Engineering Opportunities and Challenges,NA,NA,ResearchGate,NA,NA,1,32,NA,NA,NA,2010,NA,NA,NA,NA,1
30,A038,Yes,No,No,No,Sociological Methords & Research,No,No,No,No,DOI: 10.1177/0049124185013004004,ARTICLE,Yes,No,NA,J,"Bollen, K. A.; Jackman, R. W.",NA,NA,NA,Regression diagnos-tics: an expository treatment of outliers and influential cases,NA,NA,ResearchGate,13,NA,510,542,NA,NA,NA,1990,NA,NA,NA,NA,1
31,A039,No,No,No,No,A Networked Self,No,No,http://www.danah.org,https://www.taylorfrancis.com/books/e/9781135966164/chapters/10.4324%2F9780203876527-8; http://www.danah.org/papers/2010/SNSasNetworkedPublics.pdf,NA,BOOK CHAPTER,Yes,No,NA,J,"Boyd, Danah",NA,NA,NA,"Social Network Sites as Networked Publics: Affordances, Dynamics, and Implications",NA,NA,ResearchGate,NA,NA,NA,NA,NA,NA,NA,2010,NA,NA,NA,NA,3
32,A040,Yes,Yes,No,Yes,Marine Ecology Progress Series,No,No,Academia.edu,https://www.academia.edu/23420279/Non-linear_genetic_isolation_by_distance_implications_for_dispersal_estimation_in_anadromous_and_marine_fish_populations,DOI: 10.3354/meps340245,ARTICLE,Yes,No,NA,J,BRADBURY IR,NA,NA,NA,NA,NA,NA,RESEARCHGATE,340,NA,245,NA,NA,NA,NA,2007,NA,NA,NA,NA,1
231,A041,No,No,No,No,Advances in Drying,No,No,No,"https://limo.libis.be/primo-explore/fulldisplay?docid=LIRIAS1925866&context=L&vid=Lirias&lang=en_US&search_scope=Lirias&adaptor=Local%20Search%20Engine&tab=default_tab&query=any,contains,staffnr_U0003099&sortby=date&facet=local16,include,chapter&offset=0",No,BOOK CHAPTER,NA,No,NA,J,"Brakel, Van J.",NA,NA,NA,Mass transfer in convective drying,NA,NA,ResearchGate,1,NA,217,267,NA,NA,NA,1980,NA,NA,NA,NA,1
33,A042,Yes,No,Yes,No,ResearchGate,No,No,No,No,DOI: 10.13140/RG.2.1.4434.8563,DATA SETS,No,No,NA,J,"Brocca, L.; Ciabatta, L.; Massari, C.; Hahn, S.; Wagner, W.",NA,NA,NA,SM2RAIN-ASCAT (1 Jan 2007-30 June 2015) global daily rainfall dataset,NA,NA,ResearchGate,NA,NA,NA,NA,NA,10.13140/RG.2.1.4434.8563,NA,2016,NA,NA,NA,NA,1
34,A043,Yes,Yes,No,Yes,Cognitive Media Theory,No,No,cornell.edu,https://www.taylorfrancis.com/books/9781136226106/chapters/10.4324%2F9780203098226-16; http://people.psych.cornell.edu/~jec7/pubs/ColoringKate.pdf,No,BOOK CHAPTER,Yes,No,NA,J,"Brunick, KL; Cutting, JE",NA,NA,NA,"Coloring the animated world, Exploring human color perception and preference through the animated film",NA,NA,ResearchGate,43,2,41,45,NA,NA,NA,2016,NA,NA,NA,NA,1
256,A044,Yes,Yes,No,Yes,International Conference on Computer Vision and Image analysis,No,No,No,No,No,PROCEEDINGS PAPER,NA,NA,NA,J,"Bukenya, F.; Kiweewa, A.; Bai, L.",NA,NA,NA,A Review of Vessel Segmentation Techniques,NA,NA,Research Gate,NA,NA,NA,NA,NA,NA,NA,2017,NA,NA,NA,NA,1
257,A045,No,Yes,No,Yes,SilviLaser 2011,No,No,No,https://www.cabdirect.org/cabdirect/abstract/20123180616,No,PROCEEDINGS PAPER,No,No,NA,J,"Bunting, P. J.; Armston, J.; Lucas, R.; Clewley, D.",NA,NA,NA,NA,NA,NA,Research Gate,NA,NA,NA,NA,NA,NA,2-Feb,2015,NA,NA,NA,NA,1
258,A046,NA,NA,NA,NA,NA,NA,NA,NA,NA,NA,NA,NA,NA,NA,J,"Burdea, Grigore C.; Jain, Abhishek; Rabin, Bryan; Pellosie, Richard; Golomb, Meredith",NA,IEEE,NA,Long-Term Hand Tele-Rehabilitation on the PlayStation 3: Benefits and Challenges,NA,NA,IEEE Engineering in Medicine and Biology Society Conference Proceedings,NA,NA,1835,1838,NA,10.1109/IEMBS.2011.6090522,2011,2011,33rd Annual International Conference of the IEEE Engineering-in-Medicine-and-Biology-Society (EMBS),"AUG 30-SEP 03, 2011",IEEE; Engn Med & Biol Soc (EMBS),"Boston, MA",10
259,A047,Yes,No,No,No,Wiley Encyclopedia of Biomedical Engineering,No,No,No,No,DOI: 10.1002/9780471740360.ebs1326,BOOK CHAPTER,Yes,No,Yes,J,"Burleson, Wayne; Clark, Shane S.; Ransford, Benjamin; Fu, Kevin",NA,NA,NA,Design Challenges for Secure Implantable Medical Devices,NA,NA,Research gate,NA,NA,NA,NA,NA,NA,January,2012,NA,NA,NA,NA,1
35,A048,Yes,Yes,No,Yes,ESA GNC Conference 20110,No,No,No,No,NA,PROCEEDINGS PAPER,NA,NA,NA,J,"Camara, F.; Hormigo, T.",NA,NA,NA,A Hybrid Camera-Lidar Hazard Detection and Avoidance System for Lunar Landing,NA,NA,ResearchGate,NA,NA,NA,NA,NA,NA,NA,2011,NA,NA,NA,NA,1
36,A049,No,No,No,No,No,No,Nuffield College,SemanticScholar,http://www.nuff.ox.ac.uk/users/cameron/papers/empiric.pdf; https://www.semanticscholar.org/paper/Innovation-and-Growth-%3A-a-survey-of-the-empirical-Cameron/ba6bd52fb55d3e6d6f4566c974895220526ac6f0,No,ARTICLE,No,No,NA,J,"Cameron, G.",NA,NA,NA,Innovation and Growth: A Survey of the Empirical Evidence,NA,NA,ResearchGate,NA,NA,NA,NA,NA,NA,Jan.,1998,NA,NA,NA,NA,1
37,A050,No,No,No,No,No,No,No,Engormix,https://www.engormix.com/ganaderia-leche/articulos/evaluacion-duracion-periodo-espera-t33047.htm,No,ARTICLE,No,No,NA,J,"CAMPUZANO, R.",NA,NA,NA,Evaluacion del periodo de espera voluntario en vacas especializadas en produccion de leche,NA,NA,ResearchGate,NA,NA,NA,NA,NA,NA,NA,2007,NA,NA,NA,NA,1
260,A051,Yes,Yes,No,Yes,SPIE Proceedings Vol. 6144: Medical Imaging 2006: Image Processing,No,No,CiteSeerX,http://citeseerx.ist.psu.edu/viewdoc/download?doi=10.1.1.70.3154&rep=rep1&type=pdf; https://www.semanticscholar.org/paper/Detection-of-blue-white-veil-areas-in-dermoscopy-Celebi-Kingravi/460ba9408aff5ebb7cb80f01bb2006afd9da47b5,DOI:10.1117/12.655779,PROCEEDINGS PAPER,No,No,NA,J,"Celebi, M. Emre; Kingravia, Hassan A.; Aslandogan, Y. Alp; Stoecker, William V.",NA,NA,NA,Detection of Blue-White Veil Areas in Dermoscopy Images Using Machine Learning Techniques,NA,NA,Research Gate,NA,NA,NA,NA,NA,NA,NA,2006,NA,NA,NA,NA,1
38,A052,No,No,No,No,No,No,No,ERIC Institution of Education Sciences,https://eric.ed.gov/?id=ED443838,No,ARTICLE,NA,NA,NA,J,"Champlain, A. F. D.; Gessaroli, M. E.; Tang, K. L.; Champlain, J. E. D.",NA,NA,NA,Assessing the dimensionality of polytomous item responses with small sample sizes and short test lengths: A comparison of procedures,NA,NA,ResearchGate,NA,NA,NA,NA,NA,NA,NA,1999,NA,NA,NA,NA,1
39,A053,Yes,Yes,No,Yes,Proceedings of the Fourth Artificial Intelligence and Interactive Digital Entertainment Conference,No,No,GitHub; Academia.edu; CiteSeerX,https://www.aaai.org/Papers/AIIDE/2008/AIIDE08-036.pdf; https://github.com/rfrerebe/MCTS/blob/master/docs/Monte-Carlo%20Tree%20Search%20A%20New%20Framework%20for%20Game%20AI.pdf; https://www.academia.edu/13211234/Monte-carlo_tree_search_A_new_framework_for_game_ai; http://citeseerx.ist.psu.edu/viewdoc/download?doi=10.1.1.360.3753&rep=rep1&type=pdf,No,PROCEEDINGS PAPER,Yes,No,NA,J,"Chaslot, G; Bakkes, S; Szita, I; Spronck, P",NA,NA,NA,Monte-Carlo Tree Search: A New Framework for Game AI,NA,NA,ResearchGate,NA,NA,NA,NA,NA,NA,NA,2008,NA,NA,NA,NA,1
40,A054,No,Yes,No,Yes,Discovery Journals,No,No,No,http://www.discoveryjournals.org/nature/current_issue/2015/A2.pdf,No,ARTICLE,Yes,No,NA,J,"Chatterjee, N.; Bhattacharjee, B.; Chatterjee, N.",NA,NA,NA,"Quantitative study on the impact of the seasonal change in the aquatic physicochemical parameters on zooplankton population density in Saheb bandh, Purulia, West Bengal, India",NA,NA,ResearchGate,NA,NA,11,19,NA,NA,NA,2015,NA,NA,NA,NA,1
41,A055,Yes,Yes,Yes,Yes,ResearchGate,No,No,No,No,DOI: 10.13140/RG.2.1.4461.0642,ARTICLE,No,No,NA,J,"Chen, G. Z.",NA,NA,NA,NA,NA,NA,ResearchGate,NA,NA,NA,NA,NA,NA,NA,2015,NA,NA,NA,NA,1
42,A056,Yes,No,No,No,Expert Systems with Applications,No,No,KunDoc,https://kundoc.com/pdf-discovering-time-interval-sequential-patterns-in-sequence-databases-.html,DOI: 10.1016/S0957-4174(03)00075-7,ARTICLE,Yes,No,Preprint,J,"Chen, Yen-Liang; Chiang, Mei-Ching; Ko, Ming-Tat",NA,NA,NA,Discovering time-interval sequential patterns in sequence databases,NA,NA,Researchgate,NA,NA,NA,NA,NA,NA,NA,2003,NA,NA,NA,NA,1
261,A057,Yes,Yes,No,Yes,Signal and Information Processing Association Annual Summit and Conference (APSIPA),No,No,No,No,DOI:†10.1109/APSIPA.2014.7041774,PROCEEDINGS PAPER,Yes,No,NA,J,"Cheunta, Weerasak; Chirdchoo, Nitthita; Saelim, Kanittha",NA,NA,NA,Efficiency Improvement of an Integrated Giant Freshwater-White Prawn Farming in Thailand Using a Wireless Sensor Network,NA,NA,Research Gate,NA,NA,NA,NA,NA,NA,DECEMBER,2014,NA,NA,NA,NA,1
43,A058,Yes,Yes,No,Yes,"The 12th Conference, College of Basic Education, Al-Mustansiriyah UniversityAt: 515-520",No,No,No,No,NA,PROCEEDINGS PAPER,NA,NA,NA,J,"Chiad, Sami Salman; Habubi, Nadir Fadhil; Khaleel, Reem Saadi; Abdul Hussein, Obaida Amer",NA,NA,NA,NA,NA,NA,Research Gate,NA,NA,515,515,NA,NA,NA,2010,NA,NA,NA,NA,1
44,A059,Yes,Yes,No,Yes,†Selected Papers from the Computer Science and Electronic Engineering Conference (CEEC) 2014),No,No,Academia.edu,https://www.academia.edu/9770046/A_Dynamic_Reputation_Management_System_for_mobile_ad_hoc_networks,DOI: 10.3390/computers4020087,PROCEEDINGS PAPER,No,CC BY 4.0,NA,J,"Chiejina, E.",NA,NA,NA,A Dynamic Reputation Management System for Mobile Adhoc Networks,NA,NA,ResearchGate,NA,NA,NA,NA,NA,NA,NA,2015,NA,NA,NA,NA,1
45,A060,NA,NA,NA,NA,NA,NA,NA,NA,NA,NA,NA,NA,NA,NA,J,"Chirani, N.; Yahia, L.; Gritsch, L.; Motta, F.L.; Chirani, S.; Fare, S.",NA,NA,NA,History and applications of hydrogels,NA,NA,ResearchGate,4,2,13,23,NA,NA,1-Dec,2015,NA,NA,NA,NA,2
46,A061,Yes,Yes,Yes,Yes,No,No,No,No,No,DOI: 10.13140/RG.2.2.21311.71848,ARTICLE,No,No,NA,J,"Clifford, M. N.",NA,NA,NA,NA,NA,NA,Researchgate,NA,NA,NA,NA,NA,10.13140/RG.2.2.21311.71848,NA,2017,NA,NA,NA,NA,2
47,A062,Yes,Yes,No,Yes,2015 23nd Signal Processing and Communications Applications Conference,NA,NA,ahmetcevahircinar.com,https://www.ahmetcevahircinar.com.tr/wp-content/uploads/2017/03/Turkce_Twitter_Mesajlarinin_Duygu_Analizi.pdf,DOI: 10.1109/SIU.2015.7130362,PROCEEDINGS PAPER,Yes,No,NA,J,"Coban, O.; Ozyer, B.; Ozyer, G. T.",NA,NA,NA,Sentiment Analysis for Turkish Twitter Feeds,NA,NA,ResearchGate,NA,NA,NA,NA,NA,NA,NA,2015,NA,NA,NA,NA,1
263,A063,No,Yes,No,Yes,Proceedings of the Fourteenth Electronics New Zealand Conference,No,No,The University of Waikato,http://www-ist.massey.ac.nz/enzcon/Past_Proceedings/Proceedings_2007.pdf; https://researchcommons.waikato.ac.nz/handle/10289/1485,NA,PROCEEDINGS PAPER,Yes,No,NA,J,"Cosgrove, M.; Rhodes, B.; Scott, J.",NA,NA,NA,Ultra-low-cost Logging Anemometer for Wind Power Generation Feasibility Surveys,NA,NA,Research Gate,NA,NA,NA,NA,NA,NA,January,2007,NA,NA,NA,NA,1
48,A064,No,Yes,No,Yes,No,No,No,Wiley Online Library,https://onlinelibrary.wiley.com/doi/pdf/10.1002/jcc.540110212,No,BOOK,Yes,No,NA,J,"Crippen, G.; Havel, T. F.",NA,NA,NA,NA,NA,NA,ResearchGate,NA,NA,NA,NA,NA,NA,NA,1988,NA,NA,NA,NA,1
49,A065,Yes,No,No,No,Proceedings of the Royal Society B,No,No,PubMed,https://www.ncbi.nlm.nih.gov/pubmed/16048770,10.1098/rspb.2005.3109,PROCEEDINGS PAPER,Yes,No,NA,J,"Dabiri, JO; Gharib, M",NA,NA,NA,The role of optimal vortex formation in biological fluid transport,NA,NA,ResearchGate,272,1572,1557,1560,NA,NA,NA,NA,NA,NA,NA,NA,1
50,A066,No,No,No,No,???Proceedings of the Second Advanced Encryption Standatd Candidate Conference,NA,NA,cr.yp.to,https://cr.yp.to/bib/1999/daemen.pdf,NA,NA,NA,NA,NA,J,"Daemen, J.; Rijmen, V.",NA,NA,NA,Resistance against implementation attacks A comparative study of the AES proposals,NA,NA,ResearchGate,NA,NA,NA,NA,NA,NA,NA,NA,NA,NA,NA,NA,1
264,A067,NA,NA,NA,NA,NA,NA,NA,NA,NA,NA,NA,NA,NA,NA,J,"Dai, X.; Zhao, Y.; Li, M.; Fang, X.; Li, X.; Li, H.; Xu, B.",NA,NA,NA,NA,NA,NA,Research Gate,4,NA,1557,1565,NA,NA,NA,2013,NA,NA,NA,NA,1
265,A068,No,Yes,No,Yes,Journal of Aging Research & Clinical Practice,No,No,No,http://www.jarcp.com/all-issues.html?article=118,No,ARTICLE,Yes,No,NA,J,"Das, P. C.; Chatterjee, P.; Kumar, P.; Kumar, G.; Dey, A. B.",NA,NA,NA,Prevalence and predictors of geriatric syndromes in an outpatient clinic at a tertiary care hospital of India,NA,NA,Research Gate,2,1,117,120,NA,NA,NA,2012,NA,NA,NA,NA,1
51,A069,Yes,No,No,No,Bioorganic and Medicinal Chemistry Letters,No,No,No,No,https://doi.org/10.1016/j.bmcl.2015.12.020,ARTICLE,Yes,No,Preprint,J,"Dat, L.D.; Thao, N.P.; Luyen, B.T.T.; Tai, B.H.; Jeong, M.H.; Woo, M.H.; Kim, Y.H.",NA,NA,NA,Identification of six new lupane-type triterpenoids from Acanthopanax koreanum leaves and their tyrosinase inhibitory activities,NA,NA,ResearchGate.,NA,NA,NA,NA,NA,NA,NA,2015,NA,NA,NA,NA,1
266,A070,Yes,Yes,No,Yes,NACompSysTech '08 Proceedings of the 9th International Conference on Computer Systems and Technologies and Workshop for PhD Students in Computing,NA,University of Houston-Clear Lake,NA,http://sce.uhcl.edu/boetticher/CSCI5931%20Computer%20Human%20Interaction/Emotion%20Recognition%20using%20Brain%20Activity.pdf,10.1145/1500879.1500888,PROCEEDINGS PAPER,Yes,No,NA,J,"Datcu, Dragos",NA,NA,NA,Emotion recognition using brain activity,NA,NA,research gate,NA,NA,NA,NA,NA,NA,NA,2008,NA,NA,NA,NA,1
54,A071,Yes,Yes,No,Yes,No,No,No,No,No,No,ARTICLE,No,No,NA,J,"De Bruin, H.; Wang, J.",NA,NA,NA,Scintillometry: a review,NA,NA,Researchgate,NA,NA,NA,NA,NA,NA,NA,NA,NA,NA,NA,NA,1
52,A072,Yes,No,No,No,Journal of Production Agriculture,No,No,No,No,doi:10.2134/jpa1999.0312,ARTICLE,Yes,No,NA,J,"de Camargo, MBP; Hubbard, KG",NA,NA,NA,Drought sensitivity indices for a sorghum crop,NA,NA,JOURNAL OF PRODUCTION AGRICULTURE,12,2,312,316,NA,NA,APR-JUN 1999,1999,NA,NA,NA,NA,5
317,A073,NA,NA,NA,NA,NA,NA,NA,NA,NA,NA,NA,NA,NA,NA,J,"de Vos, P. J. Sicco",NA,NA,NA,NA,NA,NA,Research Gate,NA,NA,NA,NA,NA,NA,NA,2015,NA,NA,NA,NA,1
53,A074,Yes,Yes,No,Yes,International Journal of Computer Applications,No,No,No,No,DOI: 10.5120/ijca2016907802,ARTICLE,No,No,NA,J,"De, R.; Mahapatra, R. P.; Chakraborty, P. S.",NA,NA,NA,Exploring and Expanding the World of Artificial Intelligence,NA,NA,ResearchGate,NA,NA,NA,NA,NA,DOI 10.5120/IJCA2016907802,January,2016,NA,NA,NA,NA,1
56,A075,Yes,Yes,No,Yes,Boreal Environment Research,ResearchGate,Finnish Environmental Institute,No,http://www.diva-portal.org/smash/record.jsf?pid=diva2%3A872262&dswid=1954; https://helda.helsinki.fi/handle/10138/228304,No,ARTICLE,Yes,No,NA,J,"Denfeld, Blaize A.; Wallin, Marcus B.; Sahlee, Erik; Sobek, Sebastian; Kokic, Jovana; Chmiel, Hannah E.; Weyhenmeyer, Gesa A.",NA,NA,NA,Temporal and spatial carbon dioxide concentration patterns in a small boreal lake in relation to ice-cover dynamics,NA,NA,BOREAL ENVIRONMENT RESEARCH,20,6,679,692,NA,NA,DEC 18 2015,2015,NA,NA,NA,NA,7
57,A076,Yes,Yes,No,Yes,Proceedings of the 2015 ACM on International Conference on Multimodal Interaction,No,No,No,No,DOI: 10.1145/2818346.2829994,PROCEEDINGS PAPER,Yes,No,NA,J,"Dhall, Abhinav",NA,NA,NA,Video And Image Based Emotion Recognition Challenges In The Wild: Emotiw 2015.,NA,NA,ResearchGate,NA,NA,NA,NA,NA,NA,NA,2015,NA,NA,NA,NA,1
58,A077,Yes,No,No,No,Journal of Medical Systems,No,No,No,No,DOI: 10.1007/s10916-011-9813-z,ARTICLE,Yes,No,Abstract and Link to Publisher,J,"Dheeba, J.; Singh, N. Albert",NA,NA,NA,Computer Aided Intelligent Breast Cancer Detection: Second Opinion for Radiologists-A Prospective Study,NA,NA,Studies in Computational Intelligence,575,NA,397,430,NA,10.1007/978-3-319-11017-2_16,2015,2015,NA,NA,NA,NA,3
267,A078,Yes,No,No,No,Applied Ergonomics,No,No,No,No,DOI: 10.1016/j.apergo.2015.09.009,ARTICLE,Yes,No,Preprint,J,"Diels, C.; Bos, J. E.",NA,NA,NA,Self-driving carsickness,NA,NA,Research Gate,NA,NA,1,15,NA,NA,Oct.,2015,NA,NA,NA,NA,1
59,A079,Yes,Yes,Yes,No,No,No,University of Groningen,No,https://www.rug.nl/staff/t.k.dijkstra/consistent-pls-estimators.pdf,DOI: 10.13140/RG.2.1.3997.0405,ARTICLE,No,No,NA,J,"Dijkstra, T. K",NA,NA,NA,"Consistent partial least squares estimators for linear and polynomial factor models. A report of a belated, serious and not even unsuccessful attempt",NA,NA,ResearchGate,NA,NA,NA,NA,NA,10.13140/RG.2.1.3997.0405,NA,2011,NA,NA,NA,NA,2
60,A080,Yes,Yes,No,Yes,No,No,No,Tertiary Education Commission,http://www.tec.mu/pdf_downloads/confpaper/conference_others/confpaper7.pdf; ,No,PROCEEDINGS PAPER,No,No,NA,J,"Dookhitram, K.; Narsoo, J.; Sunhaloo, M. S.; Sukhoo, A.; Soobron, M.",NA,NA,NA,"Green Computing: An Awareness Survey among University of Technology, Mauritius Students",NA,NA,ResearchGate,NA,NA,1,8,NA,NA,NA,2012,NA,NA,NA,NA,1
61,A081,No,Yes,No,Yes,Revista Iberoamericana para la InvestigaciÛn y el Desarrollo Educativo,No,No,No,http://ride.org.mx/1-11/index.php/RIDESECUNDARIO/article/view/651,No,PROCEEDINGS PAPER,No,OA,NA,J,"Durazo, B. E.; Chavez, C. B. H.; Gonzalez, P. M. E.; Nava, G. B.",NA,NA,NA,"Estudio descriptivo sobre el consumo de pescados y mariscos en una muestra de la comunidad universitaria en Ensenada, Mexico",NA,NA,Researchgate,NA,11,1,19,NA,NA,NA,2013,NA,NA,NA,NA,1
55,A082,Yes,Yes,No,Yes,Technical Gazette,No,No,No,https://hrcak.srce.hr/file/117669,No,ARTICLE,No,No,NA,J,"Dzmbeg-Malcic, V.; Barbaric-Mikocvic, Z.; Itric, K.",NA,NA,NA,Kubelka-Munk theory in describing optical properties of paper (I),NA,NA,ResearchGate,19,NA,191,196,NA,NA,NA,2012,NA,NA,NA,NA,1
268,A083,NA,NA,NA,NA,NA,NA,NA,NA,NA,NA,NA,NA,NA,NA,J,"Elliott, D; Smith, D",NA,NA,NA,Football stadia disasters in the United Kingdom: learning from tragedy?,NA,NA,Indust. Environ. Crisis Q.,7,NA,205,29,NA,NA,NA,1993,NA,NA,NA,NA,45
269,A084,Yes,No,No,No,Journal of Loss Prevention in the Process Industries,No,No,No,No,https://doi.org/10.1016/j.jlp.2005.06.031,ARTICLE,Yes,No,Preprint,J,"Fabiano, B.; Curro, F.; Reverberi, A. P.; Pastorino, R.",NA,NA,NA,Dangerous good transportation by road: from risk analysis to emergency planning,NA,NA,Research Gate,NA,NA,NA,NA,NA,NA,NA,2005,NA,NA,NA,NA,1
62,A085,No,No,No,No,Effects of Radiation on Materials: 18th International Symposium,No,No,No,No,10.1520/STP1325-EB,PROCEEDINGS PAPER,NA,NA,NA,J,"Fabritsiev, S. A.; Pokrovsky, A. S.; Bagautdinov, R. M.",NA,NA,NA,Neutron irradiation effect on the mechanical properties and structure of beryllium,NA,NA,ResearchGate,NA,NA,1062,1076,NA,NA,NA,1999,NA,NA,NA,NA,1
270,A086,Yes,Yes,No,Yes,ICAIS'14,NA,Portsmouth Research Portal,Google Books,https://researchportal.port.ac.uk/portal/en/publications/learning-sentiment-from-students-feedback-for-realtime-interventions-in-classrooms(243e520e-7544-4dc8-800c-8f84bcf5ca55).html; https://books.google.com/books?id=44FHBAAAQBAJ&pg=PA40&lpg=PA40&dq=%22Learning+Sentiment+from+Students%E2%80%99+Feedback+for+Real-Time+Interventions+in+Classrooms%22&source=bl&ots=eOuNfS6yL5&sig=I8iqqeoZLqSaImnbF3BBFUvCnGU&hl=en&sa=X&ved=2ahUKEwizt7PMo-PdAhXMx4MKHcUIBxIQ6AEwDXoECAMQAQ#v=onepage&q=%22Learning%20Sentiment%20from%20Students%E2%80%99%20Feedback%20for%20Real-Time%20Interventions%20in%20Classrooms%22&f=false,https://doi.org/10.1007/978-3-319-11298-5_5,PROCEEDINGS PAPER,Yes,NA,NA,J,"Fallahkhair, S.; Cocea, M.; Altrabsheh, N.",NA,NA,NA,Learning sentiment from students' feedback,NA,NA,research gate,NA,NA,44,48,NA,NA,NA,2014,NA,NA,NA,NA,1
63,A087,Yes,Yes,No,Yes,National Science Review,arXiv.org,No,No,arXiv:1308.1479,https://doi.org/10.1093/nsr/nwt032,ARTICLE,Author,No,Preprint,J,"Fan, J.; Han, F.; Liu, H.",NA,NA,NA,Challenges of Big Data Analysis.,NA,NA,ResearchGate,1,1,1,38,NA,NA,NA,2013,NA,NA,NA,NA,1
64,A088,Yes,Yes,No,Yes,IEEE Journal of Selected Topics in Applied Earth Observations and Remote Sensing,No,No,Academia.edu,https://www.academia.edu/11424428/Examining_urban_heat_island_relations_to_land_use_and_air_pollution_multiple_endmember_spectral_mixture_analysis_for_thermal_remote_sensing,10.1109/JSTARS.2013.2263425,ARTICLE,Yes,No,NA,J,"Feizizadeh, B.; Blaschke, T.",NA,NA,NA,Examining urban heat island relations to land use and air pollution: multiple endmember spectral mixture analysis for thermal remote sensing,NA,NA,Researchgate,3,6,1,8,NA,NA,NA,2013,NA,NA,NA,NA,1
271,A089,Yes,Yes,Yes,Yes,No,No,No,No,No,DOI: 10.13140/RG.2.1.3380.1840,ARTICLE,No,No,NA,J,"Felipe, DVL",NA,NA,NA,BioDocker: an open-source and community-driven framework for software standardization,NA,NA,Research-Gate,NA,NA,NA,NA,NA,NA,NA,2017,NA,NA,NA,NA,1
65,A090,Yes,Yes,Yes,Yes,No,No,No,Academia.edu,https://www.academia.edu/27459032/Experimental_correlation_study_of_the_7Li_and_93Nb_MAS-NMR_signals_versus_vacant_composition_in_Lithium_Niobate,DOI: 10.13140/RG.2.1.4721.4568,ARTICLE,No,No,NA,J,"Fernandez-Ruiz, R.",NA,NA,NA,Experimental correlation study of the <SUP>7</SUP>Li and <SUP>93</SUP>Nb MAS-NMR signals versus vacant composition in Lithium Niobate,NA,NA,ResearchGate,NA,NA,NA,NA,NA,NA,September,2015,NA,NA,NA,NA,1
66,A091,No,Yes,No,Yes,Journal of Educational Data Mining,No,No,Academia.edu,https://jedm.educationaldatamining.org/index.php/JEDM/article/view/21; https://www.academia.edu/19928708/Clustering_Educational_Digital_Library_Usage_Data_A_Comparison_of_Latent_Class_Analysis_and_K-Means_Algorithms,No,ARTICLE,No,No,NA,J,"Flann, N.; Xu, B.; Recker, M.; Qi, X.; Ye, L.",NA,NA,NA,Clustering Educational Digital Library Usage Data: A Comparison of Latent Class Analysis and K-means Algorithms,NA,NA,ResearchGate,5,2,NA,NA,NA,NA,Aug.,2013,NA,NA,NA,NA,1
195,A092,Yes,Yes,Yes,Yes,No,No,No,No,No,DOI: 10.13140/RG.2.2.29853.31203,ARTICLE,No,No,NA,J,"Forshaw, SD",NA,NA,NA,Memory of a universal mind. Galactic structures and their existence as cognitive operators in an emerging universally conscious machine,NA,NA,ResearchGate,NA,NA,NA,NA,309209078,NA,NA,2016,NA,NA,NA,NA,1
67,A093,Yes,No,No,No,"
Wiley Encyclopedia of Biomedical Engineering",No,No,No,No,https://doi.org/10.1002/9780471740360.ebs1326,ARTICLE,Yes,No,NA,J,"Fotiadis, Dimitrios I; Glaros, Constantine; Likas, Aristidis",NA,NA,NA,Wearable Medical Devices,NA,NA,ResearchGate,NA,NA,3816,3827,NA,NA,April,2006,NA,NA,NA,NA,1
68,A094,No,Yes,No,Yes,No,HAL,No,No,https://hal.archives-ouvertes.fr/hal-00649018,No,ARTICLE,No,Yes,NA,J,"Fourati, S.; Jedidi, W.",NA,NA,NA,Some remarks on the class of Bernstein functions and some subclasses,NA,NA,ResearchGate Article,NA,NA,NA,NA,NA,NA,NA,2011,NA,NA,NA,NA,1
69,A095,Yes,No,No,No,Journal of Colloid and Interface Science,No,No,No,No,DOI: 10.1016/0021-9797(77)90350-2,ARTICLE,Yes,No,Preprint,J,"Fukushima, S.; Yamaguchi, M.; Harusawa, F.",NA,NA,NA,Effect of cetostearyl alcohol on stabilization of oil-in-water emulsion: II. Relation between crystal form of the alcohol and stability of the emulsion,NA,NA,ResearchGate,59,NA,159,165,NA,NA,NA,1977,NA,NA,NA,NA,1
70,A096,Yes,Yes,No,Yes,No,No,FSB,No,https://www.bib.irb.hr/765453,No,PROCEEDINGS PAPER,No,No,NA,J,"Gajsek, B.; Dukic, G.",NA,NA,NA,Review of ergonomics solutions to protect from injuries of lower back in case of forklifts.,NA,NA,Researchgate,NA,NA,NA,NA,NA,NA,NA,2015,NA,NA,NA,NA,1
71,A097,Yes,Yes,No,Yes,2016 IEEE/WIC/ACM International Conference on Web Intelligence,No,No,No,No,10.1109/WI.2016.0083,PROCEEDINGS PAPER,Yes,No,NA,J,"Galkin, M.; Auer, S.; Scerri, S.",NA,NA,NA,Enterprise Knowledge Graphs: A Backbone of Linked Enterprise Data,NA,NA,ResearchGate,NA,NA,NA,NA,NA,NA,May,2016,NA,NA,NA,NA,1
72,A098,No,Yes,No,Yes,No,No,No,SemanticScholar; TechRepublic,https://www.semanticscholar.org/paper/Coping-with-the-Complexity-of-Microprocessor-Design-Gelsinger-Kirkpatrick/9ac128a256ea03daa61fafd9145f3fe882c8e545; https://www.techrepublic.com/resource-library/whitepapers/coping-with-the-complexity-of-microprocessor-design-at-intel-a-cad-history/,No,ARTICLE,No,No,NA,J,"Gelsinger, P.; Kirkpatrick, D.; Kolodny, A.; Singer, G.",NA,NA,NA,Coping with the Complexity of Microprocessor Design at Intel-A CAD History,NA,NA,Researchgate,NA,NA,NA,NA,NA,NA,NA,NA,NA,NA,NA,NA,1
73,A099,Yes,No,No,No,Journal of Neuroscience Methods,NA,NA,NA,NA,10.1016/j.jneumeth.2008.08.012,NA,NA,NA,NA,J,"Gener, T.; Reig, R.; Sanchez-Vives, M.V.",NA,NA,NA,A new paradigm for the reversible blockage of whisker sensory transmission,NA,NA,ResearchGate,176,NA,63,67,NA,NA,NA,2008,NA,NA,NA,NA,1
272,A100,NA,NA,NA,NA,NA,NA,NA,NA,NA,NA,NA,NA,NA,NA,J,"Ghazali, Kamarul Hawari; Mustafa, Marzuki; Hussain, Aini",NA,NA,NA,Feature Extraction Technique using SIFT Keypoint Descriptors,NA,NA,Research Gate,NA,NA,740,744,NA,NA,NA,2007,NA,NA,NA,NA,1
74,A101,NA,NA,NA,NA,NA,NA,NA,NA,NA,NA,NA,NA,NA,NA,J,"Godin, C.; Prost-Boucle, F.; Campagne, A.; Charbonnier, S.; Bonnet, S.; Vidal, A.",NA,NA,NA,Selection of the most relevant physiological features for classifying emotion,NA,NA,ResearchGate,NA,NA,NA,NA,NA,NA,NA,2015,NA,NA,NA,NA,4
75,A102,NA,NA,NA,NA,NA,NA,NA,NA,NA,NA,NA,NA,NA,NA,J,"Goodhead, D. T.",NA,NA,NA,NA,NA,NA,ResearchGate,NA,NA,NA,NA,NA,NA,NA,2013,NA,NA,NA,NA,1
76,A103,NA,NA,NA,NA,NA,NA,NA,NA,NA,NA,NA,NA,NA,NA,J,"Gordillo, G.; Hurtado, M. F.; becerra, R. A.; Cruz, S. D.; Ramirez, E. A.; Oyola, J. S.; Lauermann, Iver.",NA,NA,NA,comparison study of CZTS thin films grown using vacuum and solution based methods,NA,NA,ResearchGate,NA,NA,1704,1708,NA,NA,NA,2014,NA,NA,NA,NA,1
77,A104,NA,NA,NA,NA,NA,NA,NA,NA,NA,NA,NA,NA,NA,NA,J,"Goyal, S. K.; Singh, M.",NA,NA,NA,Adaptive and Dynamic Load Balancing in Grid Using Ant Colony Optimization,NA,NA,ResearchGate,4,4,NA,NA,NA,NA,Aug.,2012,NA,NA,NA,NA,1
78,A105,NA,NA,NA,NA,NA,NA,NA,NA,NA,NA,NA,NA,NA,NA,J,"Graham, J.; Shillcutt, K.",NA,NA,NA,Robot Tracking of Human Subjects in Field Environments,NA,NA,ResearchGate,NA,NA,NA,NA,NA,NA,NA,2003,NA,NA,NA,NA,1
79,A106,NA,NA,NA,NA,NA,NA,NA,NA,NA,NA,NA,NA,NA,NA,J,"Grande, Marion; Meffert, Elisabeth; Schoenberger, Eva; Jung, Stefanie; Frauenrath, Tobias; Huber, Walter; Hussmann, Katja; Moormann, Mareike; Heim, Stefan",NA,NA,NA,From a concept to a word in a syntactically complete sentence: An fMRI study on spontaneous language production in an overt picture description task,NA,NA,NEUROIMAGE,61,3,702,714,NA,10.1016/j.neuroimage.2012.03.087,JUL 2 2012,2012,NA,NA,NA,NA,13
80,A107,NA,NA,NA,NA,NA,NA,NA,NA,NA,NA,NA,NA,NA,NA,J,"Graves, A.",NA,NA,NA,Offline handwriting recognition with multidimensional recurrent neural networks,NA,NA,ResearchGate,NA,NA,NA,NA,NA,NA,NA,2008,NA,NA,NA,NA,1
81,A108,NA,NA,NA,NA,NA,NA,NA,NA,NA,NA,NA,NA,NA,NA,J,"Gropler, RJ; Peterson, LR",NA,NA,NA,Imaging of Myocardial Metabolism,NA,NA,ResearchGate.,NA,NA,641,56,NA,NA,NA,2010,NA,NA,NA,NA,1
82,A109,NA,NA,NA,NA,NA,NA,NA,NA,NA,NA,NA,NA,NA,NA,J,"Guinard, D.; Trifa, V.; Guinard, D.",NA,NA,NA,Towards the web of things: web mashups for embedded devices,NA,NA,ResearchGate,NA,NA,NA,NA,NA,NA,NA,2009,NA,NA,NA,NA,1
83,A110,NA,NA,NA,NA,NA,NA,NA,NA,NA,NA,NA,NA,NA,NA,J,"Gumbel, E. J.",NA,NA,NA,NA,NA,NA,Distributions des Valeurs Extremes en Plusiers Dimensions,NA,NA,NA,NA,NA,NA,NA,1960,NA,NA,NA,NA,1
273,A111,NA,NA,NA,NA,NA,NA,NA,NA,NA,NA,NA,NA,NA,NA,J,"Gupta, S; Jain, SK",NA,NA,NA,An application of 5S concept to organize the workplace at a scientific instruments manufacturing company,NA,NA,Research Gate,NA,NA,NA,NA,NA,DOI 10.1108/IJLSS-08-2013-0047,March,2015,NA,NA,NA,NA,1
84,A112,NA,NA,NA,NA,NA,NA,NA,NA,NA,NA,NA,NA,NA,NA,J,"Hafferty, F.; Salloway, J.C.",NA,NA,NA,The evolution of medicine as a profession. A 75-year perspective,NA,NA,ResearchGate,76,1,26,35,NA,NA,NA,1993,NA,NA,NA,NA,1
85,A113,NA,NA,NA,NA,NA,NA,NA,NA,NA,NA,NA,NA,NA,NA,J,"Haklay, Muki; Budhathoki, Nama",NA,NA,NA,OpenStreetMap-Overview and Motivational Factors,NA,NA,ResearchGate,NA,NA,NA,NA,NA,NA,NA,NA,NA,NA,NA,NA,1
86,A114,NA,NA,NA,NA,NA,NA,NA,NA,NA,NA,NA,NA,NA,NA,J,"Hammer, D; Elby, A; Scherr, RE; Redish, EF",NA,NA,NA,"Resources, framing, and transfer",NA,NA,ResearchGate,NA,NA,NA,NA,NA,NA,NA,NA,NA,NA,NA,NA,1
87,A115,NA,NA,NA,NA,NA,NA,NA,NA,NA,NA,NA,NA,NA,NA,J,"Harbach, RE",NA,NA,NA,The mosquitoes of the subgenus culex in southwestern Asia and Egypt (Diptera: culiciclae),NA,NA,ResearchGate,24,NA,1,240,NA,NA,NA,1988,NA,NA,NA,NA,1
88,A116,NA,NA,NA,NA,NA,NA,NA,NA,NA,NA,NA,NA,NA,NA,J,"Hari, R.",NA,NA,NA,The neuromagnetic method in the study of the human auditory cortex,NA,NA,ResearchGate,6,NA,NA,NA,NA,NA,NA,1990,NA,NA,NA,NA,1
89,A117,NA,NA,NA,NA,NA,NA,NA,NA,NA,NA,NA,NA,NA,NA,J,"Hartenstein, R",NA,NA,NA,The alternative machine paradigm for energy efficient computing,NA,NA,ResearchGate,NA,NA,113,113,NA,10.13140/RG.2.2.19501.49124,NA,2016,NA,NA,NA,NA,1
90,A118,NA,NA,NA,NA,NA,NA,NA,NA,NA,NA,NA,NA,NA,NA,J,"Heldenbrand, SD; Dayer, L; Renna, C",NA,NA,NA,Navigating the flooded adherence app marketplace: rating the quality of medication adherence apps,NA,NA,ResearchGate,NA,NA,NA,NA,NA,NA,NA,2015,NA,NA,NA,NA,1
91,A119,NA,NA,NA,NA,NA,NA,NA,NA,NA,NA,NA,NA,NA,NA,J,"Hewavitharana, S.; Fernando, H. C.",NA,NA,NA,A two stage classification approach to tamil handwriting recognition,NA,NA,ResearchGate,NA,NA,NA,NA,NA,NA,Jan.,2009,NA,NA,NA,NA,1
92,A120,NA,NA,NA,NA,NA,NA,NA,NA,NA,NA,NA,NA,NA,NA,J,"Hien, H; Berthe, A; Drabo, MK; Meda, N; Konate, B; Tou, F",NA,NA,NA,Husavik energy-multiple use of geothermal energy thermie project nr.ge 321/98/is/dk. Htisavik Energy-Multiple use of geothermal energy Thermie project nr. GE 321/98/IS/DK,NA,NA,ResearchGate,19,11,1328,33,NA,NA,NA,2003,NA,NA,NA,NA,1
93,A121,NA,NA,NA,NA,NA,NA,NA,NA,NA,NA,NA,NA,NA,NA,J,"Hinrichsen, PF",NA,NA,NA,Analysis of bi and trifilar suspension oscillations,NA,NA,Researchgate,NA,NA,64,64,NA,NA,NA,2015,NA,NA,NA,NA,1
94,A122,NA,NA,NA,NA,NA,NA,NA,NA,NA,NA,NA,NA,NA,NA,J,"Hinton, G. E.; Srivastava, N.; Krizhevsky, A.; Sutskever, I.; Salakhutdinov, R. R.",NA,NA,NA,Improving neural networks by preventing co adaptation of feature detectors,NA,NA,ResearchGate,3,4,212,223,NA,NA,NA,2012,NA,NA,NA,NA,61
95,A123,NA,NA,NA,NA,NA,NA,NA,NA,NA,NA,NA,NA,NA,NA,J,"Hong, Jang; Rani, Han; Song, Shim",NA,NA,NA,Expanded polystyrene (eps) buoy as a possible source of hexabromocyclododecanes (HBCDs) in the marine environment,NA,NA,ResearchGate,75,NA,882,885,NA,NA,NA,2013,NA,NA,NA,NA,1
126,A124,NA,NA,NA,NA,NA,NA,NA,NA,NA,NA,NA,NA,NA,NA,J,"Hong, Jooheon",NA,NA,Ïù¥ÎåÄÌõà,Immune-Enhancing Effects of Polysaccharides Isolated from Ascidian (Halocynthia roretzi) Tunic,Ïö∞Î†ÅÏâ•Ïù¥(Halocynthia roretzi) ÍªçÏßàÎ°úÎ∂ÄÌÑ∞ Î∂ÑÎ¶¨Îêú Îã§ÎãπÎ•òÏùò Î©¥Ïó≠Ï¶ùÍ∞ï Ìö®Í≥º,ÌïúÍµ≠ÏãùÌíàÏòÅÏñëÍ≥ºÌïôÌöåÏßÄ,Journal of the Korean Society of Food Science and Nutrition,44,5,673,680,NA,NA,2015,2015,NA,NA,NA,NA,2
96,A125,NA,NA,NA,NA,NA,NA,NA,NA,NA,NA,NA,NA,NA,NA,J,"Hu, G.; Liu, C.; Liao, Y.; Yang, L; Huang, R.; Wu, J.; Xie, J.; Bundhoo, K.; Liu, Y.; Bin, J.",NA,NA,NA,Ultrasound molecular imaging of arterial thrombi with novel microbubbles modified by cyclic RGD in vitro and in vivo,NA,NA,ResearchGate,107,NA,172,183,NA,NA,NA,2011,NA,NA,NA,NA,1
97,A126,NA,NA,NA,NA,NA,NA,NA,NA,NA,NA,NA,NA,NA,NA,J,"Huang, Y.L.; Fuh, C.S.",NA,NA,NA,Noise reduction using enhanced bilateral filter,NA,NA,Researchgate,12,4,46,53,NA,NA,NA,2006,NA,NA,NA,NA,1
98,A127,NA,NA,NA,NA,NA,NA,NA,NA,NA,NA,NA,NA,NA,NA,J,"Iftekhar, S.; Srivastava, V.; Sillanpaa, M.",NA,NA,NA,Synthesis and application of LDH intercalated cellulose nanocomposite for separation of rare earth elements (REEs),NA,NA,ResearchGate,NA,NA,NA,NA,NA,NA,NA,2016,NA,NA,NA,NA,1
99,A128,NA,NA,NA,NA,NA,NA,NA,NA,NA,NA,NA,NA,NA,NA,J,"Indrabayu, N.; Harun, M. S.; Pallu; Achmad, A.",NA,NA,NA,Statistic Approach versus Artificial Intelligence for Rainfall Prediction Based on Data Series,NA,NA,ResearchGate,5,2,1962,1969,NA,NA,Apr.,2013,NA,NA,NA,NA,1
100,A129,NA,NA,NA,NA,NA,NA,NA,NA,NA,NA,NA,NA,NA,NA,J,"Irina, R.; Joseph, H.; Jayram, T.",NA,NA,NA,An analysis of data characteristics that affect naive Bayes performance,NA,NA,ResearchGate,NA,NA,NA,NA,NA,NA,NA,2001,NA,NA,NA,NA,1
101,A130,NA,NA,NA,NA,NA,NA,NA,NA,NA,NA,NA,NA,NA,NA,J,"Iryanto, I.; Hermawan; Syakur, A.",NA,NA,NA,Studi Pengaruh Penuaan (Aging) Terhadap Laju Degradasi Kualitas Minyak Isolasi Transformator Tenaga,NA,NA,ResearchGate,NA,NA,NA,NA,NA,NA,Januari,2016,NA,NA,NA,NA,1
102,A131,NA,NA,NA,NA,NA,NA,NA,NA,NA,NA,NA,NA,NA,NA,J,"Jagannathan, L; Cuddapah, S; Costa, M",NA,NA,NA,Oxidative stress under ambient and physiological oxygen tension in tissue culture,NA,NA,ResearchGate.,NA,NA,NA,NA,NA,DOI 10.1007/S40495-016-0050-5,NA,2016,NA,NA,NA,NA,1
103,A132,NA,NA,NA,NA,NA,NA,NA,NA,NA,NA,NA,NA,NA,NA,J,"Jaiswal, M; Gandhi, A; Sharma, A; Mittal, SR",NA,NA,NA,Spectrum of complex non-missile penetrating spinal injury: a series of four cases with review of literature,NA,NA,ResearchGate,5,NA,25,34,NA,NA,NA,2014,NA,NA,NA,NA,1
104,A133,NA,NA,NA,NA,NA,NA,NA,NA,NA,NA,NA,NA,NA,NA,J,"Jakobek, L.; Seruga, M.; Novak, I.; Medvidovic-Kosanovic, M.",NA,NA,NA,NA,NA,NA,Research Gate,103,NA,1,1,NA,NA,NA,2007,NA,NA,NA,NA,1
275,A134,NA,NA,NA,NA,NA,NA,NA,NA,NA,NA,NA,NA,NA,NA,J,"Jesse, H.; Renee, B.; Anje, S.; Willem, C.; Ricardo, B.",NA,NA,NA,Coronary Artery Assessment by Multidectector Computed Tomography in patients with prosthetic heart valve,NA,NA,Research Gate,22,NA,1278,1286,NA,NA,Nov.,2012,NA,NA,NA,NA,1
105,A135,NA,NA,NA,NA,NA,NA,NA,NA,NA,NA,NA,NA,NA,NA,J,"Jezerek, M.; Flear, M.; Moina, J.",NA,NA,NA,Laser multiple line triangulation system for real-time 3-D monitoring of chest wall during breathing,NA,NA,ResearchGate,54,7,NA,NA,503506,NA,Jan.,2008,NA,NA,NA,NA,1
106,A136,NA,NA,NA,NA,NA,NA,NA,NA,NA,NA,NA,NA,NA,NA,J,"Johansson, G; Winroth, M",NA,NA,NA,Lean vs. Green manufacturing: similarities and differences,NA,NA,ResearchGate,NA,NA,NA,NA,NA,NA,NA,2009,16th International Annual EurOMA Conference: Implementation-Realizing Operations Management Knowledge,NA,NA,NA,1
276,A137,NA,NA,NA,NA,NA,NA,NA,NA,NA,NA,NA,NA,NA,NA,J,"Jovicic, J.; Zavaliangos, A.; Ko, F.",NA,NA,NA,Numerical modeling of impact behavior of integrated gradient design composite materials,NA,NA,Research Gate.,NA,NA,1,35,NA,NA,NA,2015,NA,NA,NA,NA,1
107,A138,NA,NA,NA,NA,NA,NA,NA,NA,NA,NA,NA,NA,NA,NA,J,"Kao, K. L.",NA,NA,NA,An advanced simulation tool- set for video transmission performance evaluation,NA,NA,ResearchGate,NA,NA,NA,NA,NA,DOI 10.1145/1190455.1190464,NA,2006,NA,NA,NA,NA,1
108,A139,NA,NA,NA,NA,NA,NA,NA,NA,NA,NA,NA,NA,NA,NA,J,"Karimov, K. S.; Khalid, F. A.; Chani, M. T. S.; Mateen, A.; Hussain, M. A.; Maqbool, A.",NA,NA,NA,Carbon nanotubes based flexible temperature sensors,NA,NA,ResearchGate,6,1,NA,NA,NA,NA,NA,NA,NA,NA,NA,NA,1
277,A140,NA,NA,NA,NA,NA,NA,NA,NA,NA,NA,NA,NA,NA,NA,J,"Kavitha, G.; Ramani, G.; Dhass, P. K.; Aruna, R. M.",NA,NA,NA,"Oxidative stress, interleukin (IL- 6) and atherogenic index of plasma in diabetic nephropathy",NA,NA,Research Gate,2,NA,211,216,NA,NA,NA,2011,NA,NA,NA,NA,1
109,A141,NA,NA,NA,NA,NA,NA,NA,NA,NA,NA,NA,NA,NA,NA,J,"Kelly, O. D.; Anane, A.; Bernard, R.; Youssef, J. B.; Hahn, C.; Molpeceres, A.-H.; Carretero, C.; Jacquet, E.; Deranlot, C.; Bortolotti, P.; Lebourgois, R.; Mage, J.-C.; Loubens, G. de; Klein, O.; Cros, V.; Fert, A.",NA,NA,NA,NA,NA,NA,ResearchGate,NA,NA,NA,NA,NA,NA,NA,2013,NA,NA,NA,NA,1
110,A142,NA,NA,NA,NA,NA,NA,NA,NA,NA,NA,NA,NA,NA,NA,J,"Kelsey, J.; Schneier, B.; Wagner, D.",NA,NA,NA,"Related-key cryptanalysis of 3-way,biham-des,cast, des-x, newdes, rc2, and tea",NA,NA,ResearchGate,NA,NA,NA,NA,NA,NA,NA,2000,NA,NA,NA,NA,1
111,A143,NA,NA,NA,NA,NA,NA,NA,NA,NA,NA,NA,NA,NA,NA,J,"Kharisov, B. I.",NA,NA,NA,Dispersion of carbon nanotubes in water and non-aqueous solvents,NA,NA,ResearchGate,NA,NA,NA,NA,NA,NA,NA,NA,NA,NA,NA,NA,1
112,A144,NA,NA,NA,NA,NA,NA,NA,NA,NA,NA,NA,NA,NA,NA,J,"Khitun, A.; Nikonov, D. E.; Bao, M.; Galatsis, K.; Wang, K. L.",NA,NA,NA,NA,NA,NA,ResearchGate,NA,NA,NA,NA,NA,NA,NA,2007,NA,NA,NA,NA,1
278,A145,NA,NA,NA,NA,NA,NA,NA,NA,NA,NA,NA,NA,NA,NA,J,"Kim, Kibum; Bolton, John; Girouard, Audrey; Cooperstock, Jeremy; Vertegaal, Roel",NA,NA,NA,Tele Human: Effects of 3D perspective on gaze and pose estimation with life-size cylindrical telepresence pod,NA,NA,research gate,NA,NA,NA,NA,NA,NA,January,2012,NA,NA,NA,NA,1
113,A146,NA,NA,NA,NA,NA,NA,NA,NA,NA,NA,NA,NA,NA,NA,J,"Kim, S. M.; Chong, J. W.; Jung, C. Y.; Jeon, T. H.; Park, J. H.; Kang, Y. J.; Jeong, S. H.; Kim, M. J.; Sung, D. K.",NA,NA,NA,Experiments on Interference and Coexistence between ZigBee and WLAN Devices Operating in the 2.4 GHz ISM Band,NA,NA,ResearchGate,1,NA,NA,NA,NA,NA,NA,2005,NA,NA,NA,NA,1
114,A147,NA,NA,NA,NA,NA,NA,NA,NA,NA,NA,NA,NA,NA,NA,J,"Kincaid, RL",NA,NA,NA,Assessment of trace mineral status of ruminants: a review,NA,NA,ResearchGate,NA,NA,77,77,NA,NA,NA,1999,NA,NA,NA,NA,1
115,A148,NA,NA,NA,NA,NA,NA,NA,NA,NA,NA,NA,NA,NA,NA,J,"Kleimola, J.",NA,NA,NA,A RESTful Interface to a Mobile Phone,NA,NA,ResearchGate,NA,NA,NA,NA,NA,NA,NA,2008,NA,NA,NA,NA,1
116,A149,NA,NA,NA,NA,NA,NA,NA,NA,NA,NA,NA,NA,NA,NA,J,"Klein, D.",NA,NA,NA,An OpenFlow extension for the OMNeT++ INET framework,NA,NA,ResearchGate,NA,NA,NA,NA,NA,NA,NA,2013,NA,NA,NA,NA,1
117,A150,NA,NA,NA,NA,NA,NA,NA,NA,NA,NA,NA,NA,NA,NA,J,"Kleinberg, S. C.; Arroyo, J. E.; Chih, K.; Scherer, S. S.",NA,NA,NA,"Na, K-ATPase isoforms in the PNS: Cell-type specific expression and internodal localization inmyelinated axons",NA,NA,ResearchGate,NA,NA,NA,NA,NA,NA,NA,2007,NA,NA,NA,NA,1
118,A151,NA,NA,NA,NA,NA,NA,NA,NA,NA,NA,NA,NA,NA,NA,J,"Knudsen, M. P.; Dalum, B.; Villumsen, G.",NA,NA,NA,NA,NA,NA,Two Faces of Absorptive Capacity Creation: Access and Utilisation of Knowledge,NA,NA,NA,NA,NA,NA,NA,2001,NA,NA,NA,NA,1
279,A152,NA,NA,NA,NA,NA,NA,NA,NA,NA,NA,NA,NA,NA,NA,J,"Kobmoo, N.",NA,NA,NA,"How can we extract the hemolymph from insects, especially from small ones like ants?",NA,NA,Research Gate,8,NA,19,19,NA,NA,NA,2012,NA,NA,NA,NA,1
119,A153,NA,NA,NA,NA,NA,NA,NA,NA,NA,NA,NA,NA,NA,NA,J,"Koch, D.; Buchan, W.; Cnop, T.; Antwerp, U.",NA,NA,NA,Proper Pretreatment Systems Reduce Membrane Replacement Element Costs and Improve Reliability,NA,NA,ResearchGate,NA,NA,NA,NA,NA,NA,NA,2005,NA,NA,NA,NA,1
120,A154,NA,NA,NA,NA,NA,NA,NA,NA,NA,NA,NA,NA,NA,NA,J,"Kolobukhina, LV; Nosik, NN; Merkulova, LN",NA,NA,NA,Time course of leukocyte interferon induction after single and repeated application of panavir,NA,NA,ResearchGate,8,NA,49,52,NA,NA,NA,2009,NA,NA,NA,NA,1
280,A155,NA,NA,NA,NA,NA,NA,NA,NA,NA,NA,NA,NA,NA,NA,J,"Kosnatha, S; dan Utomo, J. P.",NA,NA,NA,Komposisi dan Karakteristik Beton Geopolimer dari Fly Ash Tipe C dan Tipe F,NA,NA,Research Gate,NA,NA,NA,NA,NA,NA,NA,2007,NA,NA,NA,NA,1
281,A156,NA,NA,NA,NA,NA,NA,NA,NA,NA,NA,NA,NA,NA,NA,J,"Kraft, R.",NA,NA,NA,A maschine learning approach to improve precision for navigational queries in a web information retrieval system,NA,NA,Research Gate,NA,NA,NA,NA,NA,NA,NA,2002,NA,NA,NA,NA,1
121,A157,NA,NA,NA,NA,NA,NA,NA,NA,NA,NA,NA,NA,NA,NA,J,"Kumar, G.; Brar, S.; Kumar, R.; Kumar, A.",NA,NA,NA,A review: DWT-DCT technique and arithmetic-Huffman coding based image compression,NA,NA,ResearchGate,NA,NA,1,14,NA,NA,NA,2015,NA,NA,NA,NA,1
282,A158,NA,NA,NA,NA,NA,NA,NA,NA,NA,NA,NA,NA,NA,NA,J,"Kunc, V; Frame, B; Nguyen, BN",NA,NA,NA,Fiber Length Distribution Measurement for long Glass and Carbon Fiber Reinforced Injection Molded Thermoplastics,NA,NA,Research Gate,NA,NA,NA,NA,NA,NA,NA,2007,NA,NA,NA,NA,1
122,A159,NA,NA,NA,NA,NA,NA,NA,NA,NA,NA,NA,NA,NA,NA,J,"Kviesis-Kipge, E.; Curkste, E.; Spigulis, J.; Eihvalde, L.",NA,NA,NA,NA,NA,NA,ResearchGate,7715,NA,2010,2010,NA,NA,NA,2010,NA,NA,NA,NA,1
128,A160,NA,NA,NA,NA,NA,NA,NA,NA,NA,NA,NA,NA,NA,NA,J,"Labruto, R.; Leroux, C",NA,NA,NA,NA,NA,NA,A green paper on legal issues in robotics,NA,NA,NA,NA,NA,NA,NA,2013,NA,NA,NA,NA,1
124,A161,NA,NA,NA,NA,NA,NA,NA,NA,NA,NA,NA,NA,NA,NA,J,"Lampel, J.; Mintzberg, H.",NA,NA,NA,Customizing Customization,NA,NA,ResearchGate,NA,NA,21,30,NA,NA,NA,1996,NA,NA,NA,NA,1
125,A162,NA,NA,NA,NA,NA,NA,NA,NA,NA,NA,NA,NA,NA,NA,J,"Lee, D.; Mani, M.; Chu, W. W.",NA,NA,NA,Solving Schema Conversion Problem between XML and Relational Models: Semantic Approach,NA,NA,ResearchGate,NA,NA,NA,NA,NA,NA,/7,2003,NA,NA,NA,NA,1
127,A163,NA,NA,NA,NA,NA,NA,NA,NA,NA,NA,NA,NA,NA,NA,J,"Lee, S.; Nam, K.; Kim, K.",NA,NA,NA,NA,NA,NA,Researchgate,NA,NA,NA,NA,NA,NA,NA,2004,NA,NA,NA,NA,1
283,A164,NA,NA,NA,NA,NA,NA,NA,NA,NA,NA,NA,NA,NA,NA,J,"Leomanni, M.",NA,NA,NA,NA,NA,NA,Research Gate,NA,NA,NA,NA,NA,NA,October,2012,NA,NA,NA,NA,1
284,A165,NA,NA,NA,NA,NA,NA,NA,NA,NA,NA,NA,NA,NA,NA,J,"Li, C.; Lynn Ferguson, B.",NA,NA,NA,Stress Generation in an Axle Shaft during Induction Hardening,NA,NA,Research Gate,14,NA,1196,1196,NA,NA,NA,2014,NA,NA,NA,NA,1
129,A166,NA,NA,NA,NA,NA,NA,NA,NA,NA,NA,NA,NA,NA,NA,J,"Li, G. W. Jia",NA,NA,NA,NA,NA,NA,ResearchGate,NA,NA,4781,4781,NA,NA,NA,2007,NA,NA,NA,NA,1
130,A167,NA,NA,NA,NA,NA,NA,NA,NA,NA,NA,NA,NA,NA,NA,J,"Li, L; Luo, Y",NA,NA,NA,Improved Video Moving Target Tracking Based on Camshift,NA,NA,ResearchGate,3,2,8,15,NA,NA,NA,2016,NA,NA,NA,NA,1
131,A168,NA,NA,NA,NA,NA,NA,NA,NA,NA,NA,NA,NA,NA,NA,J,"Lim, S.-J.; Jeong, Y.-Y.; Lee, C.-W.; Ho, Y.-S.",NA,NA,NA,Automatic segmentation of the liver in CT images using the watershed algorithm based on morphological filtering,NA,NA,ResearchGate,NA,NA,NA,NA,NA,NA,(May) (,2004,NA,NA,NA,NA,1
132,A169,NA,NA,NA,NA,NA,NA,NA,NA,NA,NA,NA,NA,NA,NA,J,LIN H,NA,NA,NA,NA,NA,NA,RESEARCHGATE,6,NA,270,NA,NA,DOI 10.1177/1555412010364981,NA,2011,NA,NA,NA,NA,1
285,A170,NA,NA,NA,NA,NA,NA,NA,NA,NA,NA,NA,NA,NA,NA,J,"Lin, D.",NA,NA,NA,An information-theoretic definition of similarity,NA,NA,Research Gate,1,NA,NA,NA,NA,NA,NA,1998,NA,NA,NA,NA,1
133,A171,NA,NA,NA,NA,NA,NA,NA,NA,NA,NA,NA,NA,NA,NA,J,"Linden, PF; Turner, JS",NA,NA,NA,"The formation of optimal vortex rings, and the efficiency of propulsion devices",NA,NA,ResearchGate,427,NA,61,72,NA,NA,NA,NA,NA,NA,NA,NA,1
134,A172,NA,NA,NA,NA,NA,NA,NA,NA,NA,NA,NA,NA,NA,NA,J,"Liste, H.-H.; Felgentreu, D.",NA,NA,NA,"Crop growth, culturable bacteria, and degradation of petrol hydrocarbons (PHCs) in a long-term contaminated field soil",NA,NA,ResearchGate,NA,NA,NA,NA,NA,NA,NA,2006,NA,NA,NA,NA,1
135,A173,NA,NA,NA,NA,NA,NA,NA,NA,NA,NA,NA,NA,NA,NA,J,"Liu, B.; Wildman, R.; Tuck, C.; Ashcroft, I.; Hague, R.",NA,NA,NA,Investigaztion the effect of particle size distribution on processing parameters optimisation in selective laser melting process,NA,NA,ResearchGate,NA,NA,NA,NA,NA,NA,Jan.,2011,NA,NA,NA,NA,1
136,A174,NA,NA,NA,NA,NA,NA,NA,NA,NA,NA,NA,NA,NA,NA,J,"Liwicki, M.; Graves, A.; Bunke, H.",NA,NA,NA,A novel approach to online handwriting recognition based on bidirectional long shortterm memory networks,NA,NA,ResearchGate,NA,NA,NA,NA,NA,NA,NA,2012,NA,NA,NA,NA,1
286,A175,NA,NA,NA,NA,NA,NA,NA,NA,NA,NA,NA,NA,NA,NA,J,"Ljuhar, R.; Norman, B.; Ljuhar, D.; Dimaj, H. P.",NA,NA,NA,A novel feature selection algorithm based on bone micro architecture analysis to identify osteoarthritis,NA,NA,Research Gate,NA,NA,NA,NA,NA,NA,April,2016,NA,NA,NA,NA,1
138,A176,NA,NA,NA,NA,NA,NA,NA,NA,NA,NA,NA,NA,NA,NA,J,"Lopez-Lazaro, M",NA,NA,NA,Understanding cancer: 15 questions and answers,NA,NA,ResearchGate,NA,NA,NA,NA,NA,NA,NA,2016,NA,NA,NA,NA,1
137,A177,NA,NA,NA,NA,NA,NA,NA,NA,NA,NA,NA,NA,NA,NA,J,"Lopez-Lazaro, M.",NA,NA,NA,NA,NA,NA,Pancreatic cancer formation is gradual,NA,NA,NA,NA,NA,NA,NA,2017,NA,NA,NA,NA,1
139,A178,NA,NA,NA,NA,NA,NA,NA,NA,NA,NA,NA,NA,NA,NA,J,"Lujan-Tangarife, J. A.; Cardona-Arias, J. A.",NA,NA,NA,Construction and validation of measurement scales in health: a review of psychometric properties,NA,NA,ResearchGate,11,NA,1,10,NA,NA,NA,2015,NA,NA,NA,NA,1
218,A179,NA,NA,NA,NA,NA,NA,NA,NA,NA,NA,NA,NA,NA,NA,J,"M, Thantawi A.; S, Wicaksana I. W.; L, Wulandari",NA,NA,NA,Query Rewriting Berbasis Semantik Menggunakan WordNet dan LCh pada Search Engine Google,NA,NA,Researchgate,NA,NA,NA,NA,NA,NA,NA,2013,NA,NA,NA,NA,1
287,A180,NA,NA,NA,NA,NA,NA,NA,NA,NA,NA,NA,NA,NA,NA,J,"Mao, K.",NA,NA,NA,Gear tooth contact analysis and the Application in the reduction of fatigue wear,NA,NA,Research Gate,NA,NA,NA,NA,NA,NA,NA,2007,NA,NA,NA,NA,1
140,A181,NA,NA,NA,NA,NA,NA,NA,NA,NA,NA,NA,NA,NA,NA,J,"Margolin, L.",NA,NA,NA,NA,NA,NA,ResearchGate,1,NA,1,28,NA,NA,NA,2013,NA,NA,NA,NA,1
141,A182,NA,NA,NA,NA,NA,NA,NA,NA,NA,NA,NA,NA,NA,NA,J,"Markovic, Goran; Mutschler, Tina; Woellner, Karin; Gauglitz, Guenter",NA,NA,NA,Application of surface acoustic waves for optimisation of biocompatibility of carboxymethylated dextran surfaces,NA,NA,SURFACE & COATINGS TECHNOLOGY,201,4-Mar,1282,1288,NA,10.1016/j.surfcoat.2006.01.062,OCT 5 2006,2006,NA,NA,NA,NA,11
142,A183,NA,NA,NA,NA,NA,NA,NA,NA,NA,NA,NA,NA,NA,NA,J,"Marquardt, W.",NA,NA,NA,NA,NA,NA,Traveling Waves in Chemical Processes,30,4,585,606,NA,NA,NA,1990,NA,NA,NA,NA,1
143,A184,NA,NA,NA,NA,NA,NA,NA,NA,NA,NA,NA,NA,NA,NA,J,"Martinez, F.; Juanatey, B.",NA,NA,NA,The challenge of the strategy in its adaptation to the emerging phenomenon of Netcomunicacion,NA,NA,ResearchGate,NA,14,37,55,NA,NA,NA,2010,NA,NA,NA,NA,1
288,A185,NA,NA,NA,NA,NA,NA,NA,NA,NA,NA,NA,NA,NA,NA,J,"Martinez, J.; Perez-Meana, H.; Escamilla, E.; Suzuki, M. M.",NA,NA,NA,Speaker recognition using Mel Frequency Cepstral Coefficients (MFCC) and Vector quantization (VQ) techniques,NA,NA,Research Gate,NA,NA,NA,NA,NA,DOI 10.1109/CONIELECOMP.2012.618991.8,NA,2012,NA,NA,NA,NA,1
289,A186,NA,NA,NA,NA,NA,NA,NA,NA,NA,NA,NA,NA,NA,NA,J,"Masarati, P.; Morandini, M.; Riemenschneider, J.; Wierach, P.; Gluhih, S.; Barkanov, E.",NA,NA,NA,Optimal design active twist 1:2.5 scale rotor blade,NA,NA,Research Gate,NA,NA,4,7,NA,NA,NA,2004,NA,NA,NA,NA,1
144,A187,NA,NA,NA,NA,NA,NA,NA,NA,NA,NA,NA,NA,NA,NA,J,"Mateljevic, M.",NA,NA,NA,Note on rigidty of holomorphic mappings & Schwarz and Jack lemma,NA,NA,ResearchGate,NA,NA,NA,NA,NA,NA,September,2015,NA,NA,NA,NA,1
145,A188,NA,NA,NA,NA,NA,NA,NA,NA,NA,NA,NA,NA,NA,NA,J,"Mathers, C.; Loncar, D",NA,NA,NA,Projections of Global Mortality and Burden of Disease from 2002 to 2030,NA,NA,ResearchGate,31,110,NA,NA,NA,NA,NA,2006,NA,NA,NA,NA,1
290,A189,NA,NA,NA,NA,NA,NA,NA,NA,NA,NA,NA,NA,NA,NA,J,"Matsuda, J.; Maeda, T.; Abe, Y.; Nakamura, S.; Ohmiya, K",NA,NA,NA,Using the thermophilic aerobic processto decompose industrial food wastes,NA,NA,Research Gate,NA,NA,417,426,NA,NA,NA,1998,NA,NA,NA,NA,1
146,A190,NA,NA,NA,NA,NA,NA,NA,NA,NA,NA,NA,NA,NA,NA,J,"Matveev, V",NA,NA,NA,What is your opinion on this paper?,NA,NA,Researchgate,NA,NA,NA,NA,NA,NA,NA,2014,NA,NA,NA,NA,1
147,A191,NA,NA,NA,NA,NA,NA,NA,NA,NA,NA,NA,NA,NA,NA,J,"Mayalarp, V.; Limpaswadpaisarn, N.; Poombansao, T.; Kittipiyakul, S.",NA,NA,NA,Wireless mesh networking with xbee,NA,NA,ResearchGate,NA,NA,NA,NA,NA,NA,10,2014,NA,NA,NA,NA,1
148,A192,NA,NA,NA,NA,NA,NA,NA,NA,NA,NA,NA,NA,NA,NA,J,"McRobie, A",NA,NA,NA,NA,NA,NA,Rankine reciprocals with zero bars,NA,NA,NA,NA,NA,NA,NA,2017,NA,NA,NA,NA,3
149,A193,NA,NA,NA,NA,NA,NA,NA,NA,NA,NA,NA,NA,NA,NA,J,"Mehryar, N.; Ron, W.; Tek, M. N.",NA,NA,NA,The Use of Virtual Reality in Education,NA,NA,ResearchGate,NA,NA,NA,NA,NA,NA,September,2004,NA,NA,NA,NA,1
150,A194,NA,NA,NA,NA,NA,NA,NA,NA,NA,NA,NA,NA,NA,NA,J,"Meier, ML",NA,NA,NA,Using X-ray diffraction to measure changes in unit cell dimensions due to alloying,NA,NA,ResearchGate,NA,NA,NA,NA,NA,NA,NA,2004,NA,NA,NA,NA,2
151,A195,NA,NA,NA,NA,NA,NA,NA,NA,NA,NA,NA,NA,NA,NA,J,"Metz, M.; Staubach, P.; Bauer, A.; Brehler, R.; Gericke, J.; Ashton-Chess, J.; Jarvis, P.; Canvin, J.; Erpenbeck, V. J.; Maurer, M.",NA,NA,NA,"Omalizumab normalizes levels of high affinity immunoglobulin E receptor-positive skin cells in patients with chronic spontaneous urticaria: a randomized, double-blind, placebo-controlled study",NA,NA,JOURNAL OF INVESTIGATIVE DERMATOLOGY,134,NA,S30,S30,NA,NA,14-Sep,2014,44th Annual Meeting of the European-Society-for-Dermatological-Research (ESDR),"SEP 10-13, 2014",European Soc Dermatol Res,"Copenhagen, DENMARK",9
152,A196,NA,NA,NA,NA,NA,NA,NA,NA,NA,NA,NA,NA,NA,NA,J,"Michael, M. M.; Scott, M. L.",NA,NA,NA,Correction of a Memory Manage-ment Method for Lock-Free Data Structures,NA,NA,ResearchGate,NA,NA,NA,NA,NA,NA,Mar.,1996,NA,NA,NA,NA,1
153,A197,NA,NA,NA,NA,NA,NA,NA,NA,NA,NA,NA,NA,NA,NA,J,"Milligan, M.",NA,NA,NA,Operating Reserves and Wind Power Integration: An International Comparison; Preprint,NA,NA,ResearchGate,NA,NA,NA,NA,NA,NA,Jan,2010,NA,NA,NA,NA,1
291,A198,NA,NA,NA,NA,NA,NA,NA,NA,NA,NA,NA,NA,NA,NA,J,"Mirghani, HO; Elbadawi, AS",NA,NA,NA,"Are diabetes mellitus, restless syndrome, and fibromyalgia related?",NA,NA,Research Gate,5,NA,208,215,NA,NA,NA,2016,NA,NA,NA,NA,1
292,A199,NA,NA,NA,NA,NA,NA,NA,NA,NA,NA,NA,NA,NA,NA,J,"Mirjalili, Seyedali; Mirjalili, Seyed Mohammad; Lewis, Andrew",NA,NA,NA,Let a Biogeography-Based Optimizer Train Your Multi-Layer Perceptron,NA,NA,Research Gate,NA,NA,188,209,NA,NA,NA,2014,NA,NA,NA,NA,1
293,A200,NA,NA,NA,NA,NA,NA,NA,NA,NA,NA,NA,NA,NA,NA,J,"Mishra, A. K.; Yadava, R.; Mishra, A.; Verma, A.",NA,NA,NA,NA,NA,NA,Research Gate,2,NA,NA,NA,974,NA,NA,2010,NA,NA,NA,NA,1
154,A201,NA,NA,NA,NA,NA,NA,NA,NA,NA,NA,NA,NA,NA,NA,J,"Mishra, R. K.",NA,NA,NA,"Soil pollution: Causes, effects and control",NA,NA,ResearchGate,3,1,NA,NA,NA,NA,January,2016,NA,NA,NA,NA,1
294,A202,NA,NA,NA,NA,NA,NA,NA,NA,NA,NA,NA,NA,NA,NA,J,"Mizuno, K; Fukai, I; Murata, T; Goto, T.",NA,NA,NA,Pulmonary pleomorphic carcinoma,NA,NA,Research Gate,65,NA,863,66,NA,NA,NA,2006,NA,NA,NA,NA,1
155,A203,NA,NA,NA,NA,NA,NA,NA,NA,NA,NA,NA,NA,NA,NA,J,"Moffat, A. F. J.",NA,NA,NA,A Theoretical Investigation of Focal Stellar Images in the Photographic Emulsion and Application to Photographic Photometry,NA,NA,ResearchGate,3,NA,455,455,NA,NA,NA,1969,NA,NA,NA,NA,1
156,A204,NA,NA,NA,NA,NA,NA,NA,NA,NA,NA,NA,NA,NA,NA,J,"Muazzam, A.; Siddiqui, E.-S.; Mostafa, A. Saleh; Bagais",NA,NA,NA,Extraction and Visualization of the Chain of Narrators from Hadiths using Named Entity Recognition and Classification,NA,NA,ResearchGate,5,1,NA,NA,NA,NA,Apr.,2014,NA,NA,NA,NA,1
295,A205,NA,NA,NA,NA,NA,NA,NA,NA,NA,NA,NA,NA,NA,NA,J,"Muhs, D.R.; Prospero, J.M.; Baddock, M.C.; Gill, T.E.",NA,NA,NA,Identifying sources of Aeolian mineral dust: present and past. Mineral dust- a key player in the earth system,NA,NA,Research Gate,NA,NA,NA,NA,NA,NA,NA,2014,NA,NA,NA,NA,2
296,A206,NA,NA,NA,NA,NA,NA,NA,NA,NA,NA,NA,NA,NA,NA,J,Myklestad,NA,NA,NA,A new method of calculating natural modes of uncoupled bending vibration of airplane wings,NA,NA,Research Gate,3,NA,20,30,NA,NA,NA,2014,NA,NA,NA,NA,1
157,A207,NA,NA,NA,NA,NA,NA,NA,NA,NA,NA,NA,NA,NA,NA,J,"Na, K; Chaves, A; Pellegrino, JP",NA,NA,NA,A simple device for quantitative stool thick-smear technique in Schistomiasis mansoni,NA,NA,ResearchGate,14,NA,397,400,NA,NA,NA,1971,NA,NA,NA,NA,1
158,A208,NA,NA,NA,NA,NA,NA,NA,NA,NA,NA,NA,NA,NA,NA,J,"Namiki, M.; Ueda, M.; Todoroki, A.; Hirano, Y.; Matsuzaki, R.",NA,NA,NA,3D printing of continuous fiber reinforced plastic,NA,NA,ResearchGate,NA,NA,NA,NA,NA,NA,Jan.,2014,NA,NA,NA,NA,1
159,A209,NA,NA,NA,NA,NA,NA,NA,NA,NA,NA,NA,NA,NA,NA,J,"Naranjo-Madrigal, H.",NA,NA,NA,Bajos Pesqueros en el Pacifico Norte de Costa Rica: Importancia ecologi-ca e implicaciones socio-economicas y de manejo,NA,NA,Researchgate. net.,NA,NA,NA,NA,NA,10.13140/RG.2.1.4326.2965,NA,2016,NA,NA,NA,NA,1
160,A210,NA,NA,NA,NA,NA,NA,NA,NA,NA,NA,NA,NA,NA,NA,J,"Newman, Mark W.",NA,NA,NA,Now We're Cooking: Recipes for End- User Service Composition in the Digital Home,NA,NA,ResearchGate,NA,NA,NA,NA,NA,NA,NA,NA,NA,NA,NA,NA,1
161,A211,NA,NA,NA,NA,NA,NA,NA,NA,NA,NA,NA,NA,NA,NA,J,"Ng, K.H.; Faust, O.; Sudarshan, V.; Chattopadhyay, S.",NA,NA,NA,"Data overloading in medical imaging: emerging issues, challenges and opportunities in efficient data management",NA,NA,ResearchGate,5,4,NA,NA,NA,NA,August,2015,NA,NA,NA,NA,1
297,A212,NA,NA,NA,NA,NA,NA,NA,NA,NA,NA,NA,NA,NA,NA,J,"Nguyen, Vu Dung; Vaghese, Blesson",NA,NA,NA,Royal Birth of 2013: Analysing and Visualising Public Sentiment in the UK using Twitter,NA,NA,Research Gate,NA,NA,NA,NA,NA,NA,NA,2013,NA,NA,NA,NA,1
298,A213,NA,NA,NA,NA,NA,NA,NA,NA,NA,NA,NA,NA,NA,NA,J,"Nikolic, D.; Kovacev-Nikolic, V.",NA,NA,NA,Dynamical model of the maltose-binding protein,NA,NA,Research Gate,NA,NA,NA,NA,NA,10.13140/2.1.3269.8883,NA,2013,NA,NA,NA,NA,1
162,A214,NA,NA,NA,NA,NA,NA,NA,NA,NA,NA,NA,NA,NA,NA,J,"Nizar, M. A.",NA,NA,NA,THE EFFECT OF TOURISM TO ECONOMIC GROWTH IN INDONESIA,NA,NA,ResearchGate,NA,NA,NA,NA,NA,NA,NA,2015,NA,NA,NA,NA,1
299,A215,NA,NA,NA,NA,NA,NA,NA,NA,NA,NA,NA,NA,NA,NA,J,"Njuguna, J.; Pielichowski, K.",NA,NA,NA,The role of advanced polymer materials in aerospace,NA,NA,Research Gate,NA,NA,1,48,NA,NA,NA,2013,NA,NA,NA,NA,1
164,A216,NA,NA,NA,NA,NA,NA,NA,NA,NA,NA,NA,NA,NA,NA,J,"Norman, L.; Thomas, D. N.",NA,NA,NA,"Long-term storage of riverine dissolved organic carbon, Technical note",NA,NA,Researchgate,NA,NA,NA,NA,NA,10.13140/2.1.3331.5200,NA,2014,NA,NA,NA,NA,1
163,A217,NA,NA,NA,NA,NA,NA,NA,NA,NA,NA,NA,NA,NA,NA,J,"Norman, L; Thomas, DN",NA,NA,NA,Long-term storage of riverine dissolved organic carbon. Technical note,NA,NA,ResearchGate.,NA,NA,NA,NA,NA,10.13140/2.1.3331.5200,NA,2014,NA,NA,NA,NA,1
165,A218,NA,NA,NA,NA,NA,NA,NA,NA,NA,NA,NA,NA,NA,NA,J,"Nzihou, Ange; Stanmore, B. R.",NA,NA,NA,The Formation of Aerosols During the Co-combustion of Coal and Biomass,NA,NA,WASTE AND BIOMASS VALORIZATION,6,6,947,957,NA,10.1007/s12649-015-9390-3,15-Dec,2015,NA,NA,NA,NA,2
168,A219,NA,NA,NA,NA,NA,NA,NA,NA,NA,NA,NA,NA,NA,NA,J,"O'Reilly-Shah, V; Mackey, S",NA,NA,NA,NA,NA,NA,ResearchGate,NA,NA,NA,NA,NA,NA,NA,2011,NA,NA,NA,NA,1
166,A220,NA,NA,NA,NA,NA,NA,NA,NA,NA,NA,NA,NA,NA,NA,J,"Oetzel, M.; Heger, G.; Koslowski, T.",NA,NA,NA,Einfluss von Umgebungsfeuchte and Temperatur auf die Phasenumwandlungen im System CaSO<INF>4</INF>-H20,NA,NA,ResearchGate,53,NA,254,361,NA,NA,NA,2000,NA,NA,NA,NA,1
300,A221,NA,NA,NA,NA,NA,NA,NA,NA,NA,NA,NA,NA,NA,NA,J,"Oktug, Sema F.",NA,NA,NA,Localization Techniques for Underwater Acoustic Sensor Networks,NA,NA,Research gate,NA,NA,NA,NA,NA,NA,NA,2011,NA,NA,NA,NA,1
301,A222,NA,NA,NA,NA,NA,NA,NA,NA,NA,NA,NA,NA,NA,NA,J,"Oliveira, LS; Franca, AS",NA,NA,NA,An overview of the potential uses for coffee husks,NA,NA,Coffee in health and disease prevention,31,NA,283,291,NA,NA,NA,2015,NA,NA,NA,NA,3
167,A223,NA,NA,NA,NA,NA,NA,NA,NA,NA,NA,NA,NA,NA,NA,J,"Omboni, S.; Isasti, G.",NA,NA,NA,How to Measure Interbeat Interval in Human Patients,NA,NA,ResearchGate,NA,NA,NA,NA,NA,NA,"Jan. 18,",2013,NA,NA,NA,NA,1
169,A224,NA,NA,NA,NA,NA,NA,NA,NA,NA,NA,NA,NA,NA,NA,J,"Palatsi, J; Campos-Pozuelo, E; Torres, M; Porras, S; Flotats, X.",NA,NA,NA,"Full-scale combination of anaerobic digestion and concentration by evaporation in Garrigues (Lleida, Spain): Evaluation after 2 years of operation",NA,NA,ResearchGate,NA,NA,NA,NA,NA,NA,NA,2005,NA,NA,NA,NA,1
170,A225,NA,NA,NA,NA,NA,NA,NA,NA,NA,NA,NA,NA,NA,NA,J,"Patel, D. B.; Chauhan, K. R.; Mukhopadhyay, I.",NA,NA,NA,"Effect of Electrode's geometric shape, thickness and porosity on the performance of dye sensitized solar cell, III",NA,NA,ResearchGate,NA,NA,8,19,NA,NA,NA,2014,NA,NA,NA,NA,1
171,A226,NA,NA,NA,NA,NA,NA,NA,NA,NA,NA,NA,NA,NA,NA,J,"Payne, H. J.",NA,NA,NA,Models of Freeway Traffic and Control,NA,NA,Research Gate,28,NA,51,61,NA,NA,Jan.,1971,NA,NA,NA,NA,1
303,A227,NA,NA,NA,NA,NA,NA,NA,NA,NA,NA,NA,NA,NA,NA,J,"Pendrel, J.; Debeye, H.; Pedersen-Tatalovic, R.; Goodway, B.; Dufour, J.; Bogaards, M",NA,NA,NA,Estimation and interpretation of P and S impedance volumes from simultaneous inversion of,NA,NA,Research Gate.,NA,NA,NA,NA,NA,NA,NA,1999,NA,NA,NA,NA,1
172,A228,NA,NA,NA,NA,NA,NA,NA,NA,NA,NA,NA,NA,NA,NA,J,"Perera, A. S.; Perrizo, W.",NA,NA,NA,Gene Function Prediction,NA,NA,ResearchGate,NA,NA,26,31,NA,NA,NA,2009,NA,NA,NA,NA,1
304,A229,NA,NA,NA,NA,NA,NA,NA,NA,NA,NA,NA,NA,NA,NA,J,"Perez, L; Bequer, L; Gomez, T; Gonzalez, O; Heredia, D; Molina, O",NA,NA,NA,"Actividad de la gamma glutamil transferasa serica: distribucion estadistica, variaciones segun edad y sexo e intervalos de referencia en villa clara",NA,NA,Research-Gate,3,NA,122,143,NA,NA,NA,2013,NA,NA,NA,NA,1
173,A230,NA,NA,NA,NA,NA,NA,NA,NA,NA,NA,NA,NA,NA,NA,J,"Petch, N.J.",NA,NA,NA,The cleavage strength of polycrystals,NA,NA,ResearchGate,173,NA,25,28,NA,NA,NA,1953,NA,NA,NA,NA,1
174,A231,NA,NA,NA,NA,NA,NA,NA,NA,NA,NA,NA,NA,NA,NA,J,"Petersen, B.; Gernaey, K.; Henze, M.; Vanrolleghem, P.A",NA,NA,NA,Evaluation of an ASM 1 model calibration procedure on a municipal-industrial wastewater treatment plant,NA,NA,ResearchGate,4,NA,NA,NA,NA,NA,NA,2002,NA,NA,NA,NA,1
305,A232,NA,NA,NA,NA,NA,NA,NA,NA,NA,NA,NA,NA,NA,NA,J,"Pokrovsky, O. S.",NA,NA,NA,Full data set of major and trace element concentration in snow water (0.45 &mu;m) and snow parcticles sampled across the latitudinal profile of Western Siberia Lowland,NA,NA,Research Gate,NA,NA,NA,NA,NA,NA,NA,2016,NA,NA,NA,NA,1
8,A233,NA,NA,NA,NA,NA,NA,NA,NA,NA,NA,NA,NA,NA,NA,J,"Polovodova Asteman, I. R.; Schonfeld, J.",NA,NA,NA,"Recent invasion of the foraminifer Nonionella stella Cushman & Moyer, 1930 in northern European waters: evidence from the Skagerrak and its Fjords",NA,NA,ResearchGate,35,1,NA,NA,NA,NA,NA,2015,NA,NA,NA,NA,1
175,A234,NA,NA,NA,NA,NA,NA,NA,NA,NA,NA,NA,NA,NA,NA,J,"Popova, NA; Sheka, EF",NA,NA,NA,Mechanochemical reaction in graphane under uniaxial tension,NA,NA,Researchgate,NA,NA,NA,NA,NA,NA,NA,2011,NA,NA,NA,NA,1
306,A235,NA,NA,NA,NA,NA,NA,NA,NA,NA,NA,NA,NA,NA,NA,J,"Porwik, Piotr; Lisowska, Agnieszka",NA,NA,NA,The Haar-wavelet transform in digital image processing: its status and achievements,NA,NA,Research gate,NA,NA,NA,NA,NA,NA,NA,NA,NA,NA,NA,NA,1
176,A236,NA,NA,NA,NA,NA,NA,NA,NA,NA,NA,NA,NA,NA,NA,J,"Prahallad, Kishore; Sangal, Rajeev",NA,NA,NA,A Data-Driven Synthesis Approach for Indian Languages using Syllable as aBasic Unit,NA,NA,ResearchGate,NA,NA,NA,NA,NA,NA,January,2002,NA,NA,NA,NA,1
177,A237,NA,NA,NA,NA,NA,NA,NA,NA,NA,NA,NA,NA,NA,NA,J,"Prahl, S.",NA,NA,NA,Optical property measurements using the inverse adding- doubling program,NA,NA,Researchgate,NA,NA,NA,NA,NA,NA,March,1995,NA,NA,NA,NA,1
307,A238,NA,NA,NA,NA,NA,NA,NA,NA,NA,NA,NA,NA,NA,NA,J,"Pramono, YH; Geshiro, M; Kitamura, T; Sawa, S",NA,NA,NA,Optical logic OR-AND-NOT and NOR gates in waveguides consisting of nonlinear material,NA,NA,IEICE TRANSACTIONS ON ELECTRONICS,E83C,11,1755,1762,NA,NA,Nov-00,2000,NA,NA,NA,NA,19
308,A239,NA,NA,NA,NA,NA,NA,NA,NA,NA,NA,NA,NA,NA,NA,J,"Prathapan, K. D.",NA,NA,NA,NA,NA,NA,Research Gate,NA,NA,NA,NA,NA,10.13140/RG.2.1.2150.5761,June,2015,NA,NA,NA,NA,1
178,A240,NA,NA,NA,NA,NA,NA,NA,NA,NA,NA,NA,NA,NA,NA,J,"Pribyl, J.; Krejcova, H.; Pribylova, J.; Misztal, I.; Bohmanova, J",NA,NA,NA,Trajectory of body weight of performance tested dual-purpose bulls.,NA,NA,ResearchGate,52,NA,NA,NA,NA,NA,NA,2007,NA,NA,NA,NA,1
179,A241,NA,NA,NA,NA,NA,NA,NA,NA,NA,NA,NA,NA,NA,NA,J,"Qi, F; Shi, X-T; Liu, F-F; Yang, Z-H",NA,NA,NA,A double inequality for an integral mean in terms of the exponential and logarithmic means,NA,NA,ResearchGate,NA,NA,NA,NA,NA,10.13140/RG.2.1.2353.6800,NA,2015,NA,NA,NA,NA,1
180,A242,NA,NA,NA,NA,NA,NA,NA,NA,NA,NA,NA,NA,NA,NA,J,"Rabin, M.O.; Thorpe, C.",NA,NA,NA,Time-laspe cryptography,NA,NA,ResearchGate,NA,NA,1,16,NA,NA,NA,2007,NA,NA,NA,NA,1
181,A243,NA,NA,NA,NA,NA,NA,NA,NA,NA,NA,NA,NA,NA,NA,J,"Racuciu, M",NA,NA,NA,NA,NA,NA,Researchgate,2015,NA,NA,NA,NA,NA,NA,2016,NA,NA,NA,NA,1
309,A244,NA,NA,NA,NA,NA,NA,NA,NA,NA,NA,NA,NA,NA,NA,J,"Radwan, H.; Abdel-Rahim, O.; Ahmed, M.",NA,NA,NA,Two Stages Maximum Power Point Tracking Algorithm for PV Systems Operating under Partially Shaded Conditions,NA,NA,research gate,10,NA,683,688,NA,NA,NA,2009,NA,NA,NA,NA,1
182,A245,NA,NA,NA,NA,NA,NA,NA,NA,NA,NA,NA,NA,NA,NA,J,"Rao, J. G.; Zhang, Y. S.; Fokas, A. S.; He, J. S.",NA,NA,NA,Rogue waves of the nonlocal Davey-Stewartson I equation,NA,NA,ResearchGate,NA,NA,NA,NA,NA,NA,NA,2017,NA,NA,NA,NA,1
310,A246,NA,NA,NA,NA,NA,NA,NA,NA,NA,NA,NA,NA,NA,NA,J,"Reyes, Rogelio; Cruz, Clara; Nakano, Mariko; Perez, Hector",NA,NA,NA,Video Watermarking Algorithm Resilient to MPEG-2 Compression and Collusion Attacks,NA,NA,Research Gate,NA,NA,1857,1870,NA,NA,January,2008,NA,NA,NA,NA,1
188,A247,NA,NA,NA,NA,NA,NA,NA,NA,NA,NA,NA,NA,NA,NA,J,"Ribeiro, M J; Labrincha, J A; Ferreira, J",NA,NA,NA,NA,NA,NA,Researchgate,NA,NA,1,19,NA,NA,NA,2003,NA,NA,NA,NA,1
189,A248,NA,NA,NA,NA,NA,NA,NA,NA,NA,NA,NA,NA,NA,NA,J,"Rico, A.; Ruchkin, I.; Schmerl, B.; Garlan, D.",NA,NA,NA,Hardware Power Modeling for Turtlebot,NA,NA,ResearchGate,NA,NA,NA,NA,NA,NA,Jul.,2016,NA,NA,NA,NA,1
190,A249,NA,NA,NA,NA,NA,NA,NA,NA,NA,NA,NA,NA,NA,NA,J,"Roschek, T.",NA,NA,NA,MICROMORPH&TRADE; Technology: Introduction and the Path to Record Efficiencies,NA,NA,ResearchGate,NA,NA,NA,NA,NA,NA,NA,2015,NA,NA,NA,NA,1
191,A250,NA,NA,NA,NA,NA,NA,NA,NA,NA,NA,NA,NA,NA,NA,J,"Roschek, T.",NA,NA,NA,MICROMORPHrm Technology: introduction and the path to record efficiencies,NA,NA,ResearchGate,NA,NA,NA,NA,NA,10.13140/RG.2.1.1628.8804,NA,2015,NA,NA,NA,NA,1
311,A251,NA,NA,NA,NA,NA,NA,NA,NA,NA,NA,NA,NA,NA,NA,J,"Roschek, T; Apolloni, M; Braga, A; Brunner, A; Caglar, O; Cashmore, JS; Cervetto, V; Fenner, Y; Gaucker, J; Hotzel, JE; Janot, R; Kalas, J; Keller, K; Krull, S; Kugler, E; Leu, G-F; Lindic, M-H; Losio, PA; Mates, T; Mereu, B; Psimoulis, I; Roth, F; Ristau, S; Salabas, A; Salabas, EL; Sinicco, I",NA,NA,NA,MICROMORPH<SUP>&TRADE;</SUP>Technology: introduction and the path to record efficiencies,NA,NA,Research Gate,NA,NA,NA,NA,NA,10.13140/RG.2.1.1628.8804,NA,2015,NA,NA,NA,NA,1
192,A252,NA,NA,NA,NA,NA,NA,NA,NA,NA,NA,NA,NA,NA,NA,J,"Rossello-Busquet, Ana; Soler, Jose",NA,NA,NA,Towards Efficient Energy Management: Defining HEMS and Smart Grid Objectives,NA,NA,ResearchGate,NA,NA,NA,NA,NA,NA,NA,NA,NA,NA,NA,NA,1
312,A253,NA,NA,NA,NA,NA,NA,NA,NA,NA,NA,NA,NA,NA,NA,J,"Santos, FC; Brojo, F; Vilarinho, PM",NA,NA,NA,Lot sizing and scheduling in parallel uniform machines-a case study,NA,NA,Research Gate,NA,NA,NA,NA,NA,NA,NA,2012,NA,NA,NA,NA,1
313,A254,NA,NA,NA,NA,NA,NA,NA,NA,NA,NA,NA,NA,NA,NA,J,"Schallert, T; Woodlee, MT; Fleming, SM",NA,NA,NA,Disentangling multiple types of recovery from brain injury,NA,NA,Research Gate,NA,NA,201,216,NA,NA,NA,2000,NA,NA,NA,NA,1
193,A255,NA,NA,NA,NA,NA,NA,NA,NA,NA,NA,NA,NA,NA,NA,J,"Schindel, W.",NA,NA,NA,What is the Smallest Model of a System?,NA,NA,ResearchGate,NA,NA,NA,NA,NA,NA,NA,2011,NA,NA,NA,NA,1
314,A256,NA,NA,NA,NA,NA,NA,NA,NA,NA,NA,NA,NA,NA,NA,J,"Schmidt, M.; Aschwanden, J.; Liechti, F.; Nemeth, E.; Probst, R.; Rossler, M.; Schauer, C.; Denner, M.; Wichmann, G.",NA,NA,NA,V.i.A - Vogelzug im Alpenraum,NA,NA,Research Gate,NA,NA,NA,NA,NA,DOI 10.13140/RG.2.2.19922.96963,NA,2016,NA,NA,NA,NA,1
315,A257,NA,NA,NA,NA,NA,NA,NA,NA,NA,NA,NA,NA,NA,NA,J,"Schwarz, I G; Kovacevic, S; Kos, I.",NA,NA,NA,Physical-mechanical properties of automotive textile materials,NA,NA,Research Gate,NA,NA,11,11,NA,NA,NA,2015,NA,NA,NA,NA,1
194,A258,NA,NA,NA,NA,NA,NA,NA,NA,NA,NA,NA,NA,NA,NA,J,"Scrucca, L.; Fop, M.; Murphy, T. B.; Raftery, A. E.",NA,NA,NA,"mclust 5: Clustering, Classification and Density Estimation Using Gaussian Finite Mixture Models",NA,NA,ResearchGate,8,1,204,233,NA,NA,NA,2016,NA,NA,NA,NA,1
196,A259,NA,NA,NA,NA,NA,NA,NA,NA,NA,NA,NA,NA,NA,NA,J,"Serio, R.; Billack, B.",NA,NA,NA,Potential Tumor Biomarkers for Ovarian Cancer,NA,NA,Researchgate. Net,125,NA,NA,NA,NA,NA,NA,2011,NA,NA,NA,NA,1
197,A260,NA,NA,NA,NA,NA,NA,NA,NA,NA,NA,NA,NA,NA,NA,J,"Set, E; Akdemir, AO; Celik, B",NA,NA,NA,On generalization of Fejer type inequalities via fractional integral operator,NA,NA,ResearchGate,NA,NA,NA,NA,NA,NA,NA,NA,NA,NA,NA,NA,1
198,A261,NA,NA,NA,NA,NA,NA,NA,NA,NA,NA,NA,NA,NA,NA,J,"Set, E; Celik, B",NA,NA,NA,On generalization related to the left side of Fejer's inequalites via fractional integral operator,NA,NA,ResearchGate,NA,NA,NA,NA,NA,NA,NA,NA,NA,NA,NA,NA,1
199,A262,NA,NA,NA,NA,NA,NA,NA,NA,NA,NA,NA,NA,NA,NA,J,"Set, E; Choi, J; Celik, B",NA,NA,NA,A new approach to generalized of Hermite-Hadamard inequality using fractional integral operator,NA,NA,ResearchGate,NA,NA,NA,NA,NA,NA,NA,NA,NA,NA,NA,NA,1
200,A263,NA,NA,NA,NA,NA,NA,NA,NA,NA,NA,NA,NA,NA,NA,J,"Shabila, N",NA,NA,NA,Assessment of the Iraqi primary care referral system: reporting a high self-requested referral rate,NA,NA,ResearchGate.,10,3,4,10,NA,NA,NA,2012,NA,NA,NA,NA,1
201,A264,NA,NA,NA,NA,NA,NA,NA,NA,NA,NA,NA,NA,NA,NA,J,"Shackleford, JA; Shusharina, N; Verberg, J",NA,NA,NA,Plastimatch 1. 6-current capabilities and future directions,NA,NA,ResearchGate,NA,NA,108,119,NA,NA,NA,2012,NA,NA,NA,NA,1
316,A265,NA,NA,NA,NA,NA,NA,NA,NA,NA,NA,NA,NA,NA,NA,J,"Shafique, N. A.; Fulk, F.; Autrey, B. C.; Flotemersch, J.",NA,NA,NA,Hyperspectral remote sensing of water quality parameters for large rivers in the Ohio River basin,NA,NA,Research Gate.,NA,NA,216,221,NA,NA,NA,2003,NA,NA,NA,NA,5
202,A266,NA,NA,NA,NA,NA,NA,NA,NA,NA,NA,NA,NA,NA,NA,J,"Shalashvili, A.; Ugrekhelidze, D.; Mitaishvili, T.; Targamadze, I.; Zambakhidze, N.",NA,NA,NA,"Phenolic compounds of wines from georgian autochthonous grapes, rkatsiteli and saperavi, prepared by georgian (kakhetian) technology",NA,NA,ResearchGate,6,NA,99,103,NA,NA,NA,2012,NA,NA,NA,NA,2
203,A267,NA,NA,NA,NA,NA,NA,NA,NA,NA,NA,NA,NA,NA,NA,J,"Sharbrough, FW; Chatrian, GE; Lesser, RP; Luders, H; Nuwer, M; Picton, TW",NA,NA,NA,Guideline thirteen: Guidelines for standard electrode position nomenclature American Electroencephalographic Society J Clin Neurophysiol 1994 11 111 113 8195414,NA,NA,ResearchGate,8,NA,200,202,NA,NA,NA,1991,NA,NA,NA,NA,1
204,A268,NA,NA,NA,NA,NA,NA,NA,NA,NA,NA,NA,NA,NA,NA,J,"Shen, L.Y.X.W.Y.Y. Chao",NA,NA,NA,An experimental and numerical study of defouling evaporator used in a wastewater source heat pump,NA,NA,ResearchGate,NA,NA,NA,NA,NA,NA,NA,2014,NA,NA,NA,NA,1
318,A269,NA,NA,NA,NA,NA,NA,NA,NA,NA,NA,NA,NA,NA,NA,J,"Simitsis, A.; Vassiliadis, P.",NA,NA,NA,A methodology for the conceptual modeling of etl processes,NA,NA,research gate,NA,NA,NA,NA,NA,NA,NA,2014,NA,NA,NA,NA,1
205,A270,NA,NA,NA,NA,NA,NA,NA,NA,NA,NA,NA,NA,NA,NA,J,"Singh, V. P.; Chowdhury, P. K",NA,NA,NA,On Fitting Gamma Distrubution to Synthetic Runoff Hydrographs,NA,NA,Research Gate,l6,NA,NA,NA,NA,NA,NA,1985,NA,NA,NA,NA,1
320,A271,NA,NA,NA,NA,NA,NA,NA,NA,NA,NA,NA,NA,NA,NA,J,"Sirjani, Reza; Mohamed, Azah; Shareef, Hussain",NA,NA,NA,Heuristic Optimization Techniques to Determine Optimal Capacitor Placement and Sizing in Radial Distribution Networks: A Comprehensive Review,NA,NA,PRZEGLAD ELEKTROTECHNICZNY,88,7A,1,7,NA,NA,2012,2012,NA,NA,NA,NA,15
321,A272,NA,NA,NA,NA,NA,NA,NA,NA,NA,NA,NA,NA,NA,NA,J,"Stark, G.",NA,NA,NA,Three Killer Graphics,NA,NA,Research Gate,NA,NA,NA,NA,NA,NA,NA,2014,NA,NA,NA,NA,1
206,A273,NA,NA,NA,NA,NA,NA,NA,NA,NA,NA,NA,NA,NA,NA,J,"Steeg, T.",NA,NA,NA,Systems thinking and practice: a review and analysis of key ideas and their implications for practice in design & technology education,NA,NA,ResearchGate,NA,NA,203,214,NA,NA,NA,2000,NA,NA,NA,NA,1
322,A274,NA,NA,NA,NA,NA,NA,NA,NA,NA,NA,NA,NA,NA,NA,J,"Steenbruggen, J.; Borzacchiello, M.T.; Nijkamp, P.; Scholten, H",NA,NA,NA,Real-Time Data from Mobile Phone Networks for Urban Incidence and Traffic Management-A Review of Applications and Opportunities,NA,NA,Research Gate,NA,NA,NA,NA,NA,NA,NA,NA,NA,NA,NA,NA,1
207,A275,NA,NA,NA,NA,NA,NA,NA,NA,NA,NA,NA,NA,NA,NA,J,"Stensrud, B. S.; Barrett, G. C.; Lisetti, C. L.; Gonzalez, A.",NA,NA,NA,Modeling affect in context based reasoning,NA,NA,ResearchGate,NA,NA,NA,NA,NA,NA,NA,2015,NA,NA,NA,NA,1
208,A276,NA,NA,NA,NA,NA,NA,NA,NA,NA,NA,NA,NA,NA,NA,J,"Stephant, N.",NA,NA,NA,In: Why during SEM-EDX We Cannot Detect Nitrogen However on the Element Map Nitrogen Is Detected what Reason Could Someone Explain,NA,NA,Researchgate,NA,NA,NA,NA,NA,NA,NA,2016,NA,NA,NA,NA,1
323,A277,NA,NA,NA,NA,NA,NA,NA,NA,NA,NA,NA,NA,NA,NA,J,"Stone, C. P.; Omnes, P.; Rezende, R. V. P.; Grimm-Strele, H; Bensow, R. E.",NA,NA,NA,NA,NA,NA,Research Gate,NA,NA,NA,NA,NA,NA,NA,2015,NA,NA,NA,NA,1
209,A278,NA,NA,NA,NA,NA,NA,NA,NA,NA,NA,NA,NA,NA,NA,J,"Straatman, J; van der Peet, DL",NA,NA,NA,C- reactive protein after major ab- dominal surgery: biochemical and clinical aspects,NA,NA,ResearchGate [Internet],NA,NA,2,2,NA,NA,NA,2015,NA,NA,NA,NA,1
210,A279,NA,NA,NA,NA,NA,NA,NA,NA,NA,NA,NA,NA,NA,NA,J,"Sukassini, M.; Velmurugan, T.",NA,NA,NA,Nois removal using Morphology and Median filter Methods in Mammogram Images,NA,NA,ResearchGate,NA,NA,413,419,NA,NA,NA,2016,NA,NA,NA,NA,1
211,A280,NA,NA,NA,NA,NA,NA,NA,NA,NA,NA,NA,NA,NA,NA,J,"Sulthan, S. M.",NA,NA,NA,Fuzzy based Maximum Power Point Tracking Controller for Stand alone Photovoltaic system using MATLAB/Simulink,NA,NA,ResearchGate,10,55,NA,NA,NA,NA,May,2015,NA,NA,NA,NA,1
324,A281,NA,NA,NA,NA,NA,NA,NA,NA,NA,NA,NA,NA,NA,NA,J,"Sun, W.",NA,NA,NA,computer aided Lung Cancer Diagnosis with Deep Learning Algorithms,NA,NA,Research gate,NA,NA,NA,NA,NA,NA,NA,2016,NA,NA,NA,NA,1
212,A282,NA,NA,NA,NA,NA,NA,NA,NA,NA,NA,NA,NA,NA,NA,J,"Takacs, Barnabas; Hanak, David",NA,NA,NA,A mobile system for assisted living with ambient facial interfaces,NA,NA,ResearchGate,2,NA,33,50,NA,NA,NA,2006,NA,NA,NA,NA,1
213,A283,NA,NA,NA,NA,NA,NA,NA,NA,NA,NA,NA,NA,NA,NA,J,"Takamura, K.; Ueda, Y.; Irie, U.; Yamaguchi, Y.",NA,NA,NA,Immunohistology with antibodies specific to test cells in the ascidian Ciona intestinalis suggests their role in larval tunic formation,NA,NA,ResearchGate.,13,NA,241,251,NA,NA,NA,2009,NA,NA,NA,NA,1
215,A284,NA,NA,NA,NA,NA,NA,NA,NA,NA,NA,NA,NA,NA,NA,J,Tan Yue; Gao Dong-sheng; Li Ling; Wet Hai-rong; Wang Jia-wei; Liu Qing-zhong,NA,NA,NA,Relationships between H2O2 metabolism and Ca2+ transport in dormancy-breaking process of nectarine floral buds.,NA,NA,Yingyong Shengtai Xuebao,26,2,425,429,1001-9332(2015)26:2<425:YTHYPM>2.0.TX;2-R,NA,15-Feb,2015,NA,NA,NA,NA,1
214,A285,NA,NA,NA,NA,NA,NA,NA,NA,NA,NA,NA,NA,NA,NA,J,"Tan, W.; Hunley, P.; St Omer, I.",NA,NA,NA,Properties of silicon carbide nanotubes formed via reaction of SiO2 powder with SWCNTs and MWCNTs,NA,NA,ResearchGate.,NA,NA,NA,NA,NA,DOI 10.1109/SECON.2009.5174082,NA,2009,NA,NA,NA,NA,1
216,A286,NA,NA,NA,NA,NA,NA,NA,NA,NA,NA,NA,NA,NA,NA,J,"Tawatwachoom, T.; Khottoom, N.; Wairuangsiripon, S.; Rungrojchaipon, P.",NA,NA,NA,NA,NA,NA,Researchgate,NA,NA,1,1,NA,DOI 10.13140/RG.2.1.2669.5847,NA,2015,NA,NA,NA,NA,1
217,A287,NA,NA,NA,NA,NA,NA,NA,NA,NA,NA,NA,NA,NA,NA,J,"Terenin, Alexander; Draper, David",NA,NA,NA,Rigorizing and Extending the Cox-Jaynes Derivation of Probability: Implications for Statistical Practice,NA,NA,ResearchGate.net,NA,NA,NA,NA,NA,NA,NA,2015,NA,NA,NA,NA,1
219,A288,NA,NA,NA,NA,NA,NA,NA,NA,NA,NA,NA,NA,NA,NA,J,"Thomas, J.",NA,NA,NA,The Geometry of Polychronous Wavefront Computation,NA,NA,ResearchGate,NA,NA,NA,NA,NA,NA,NA,2015,NA,NA,NA,NA,1
220,A289,NA,NA,NA,NA,NA,NA,NA,NA,NA,NA,NA,NA,NA,NA,J,"Thomas, J.",NA,NA,NA,A Mathematical Treatise on Polychronous Wavefront Computation and its Application into Modeling Neurosensory Systems,NA,NA,ResearchGate,NA,NA,NA,NA,NA,NA,NA,2014,NA,NA,NA,NA,2
221,A290,NA,NA,NA,NA,NA,NA,NA,NA,NA,NA,NA,NA,NA,NA,J,"Ticinesi, A.; Lauretani, F.; Nouvenne, A.; Porro, E.; Fanelli, G.; Maggio, M.; Meschi, T.",NA,NA,NA,C-Reactive Protein (CRP) Measurement in Geriatric Patients Hospitalized for Acute Infection,NA,NA,ResearchGate.,NA,NA,NA,NA,NA,NA,NA,2016,NA,NA,NA,NA,1
222,A291,NA,NA,NA,NA,NA,NA,NA,NA,NA,NA,NA,NA,NA,NA,J,"Torres, J.",NA,NA,NA,Identity Management Requirements in Future Internet,NA,NA,ResearchGate,NA,NA,NA,NA,NA,NA,Nov.,2012,NA,NA,NA,NA,1
223,A292,NA,NA,NA,NA,NA,NA,NA,NA,NA,NA,NA,NA,NA,NA,J,"Trapero, J.R.",NA,NA,NA,Estimation of solar irradiation prediction intervals combining volatility and kernel density estimates,NA,NA,ResearchGate,NA,NA,NA,NA,NA,NA,NA,2015,NA,NA,NA,NA,1
325,A293,NA,NA,NA,NA,NA,NA,NA,NA,NA,NA,NA,NA,NA,NA,J,"Tripathia, R. M.; Shrivastava, A.; Kumar, N.; Bhadwaib, A. S.; Kumar, R.; Guptab, R. P.; Shrivastavad, B. R.",NA,NA,NA,NA,NA,NA,Research Gate,NA,NA,NA,NA,NA,NA,NA,NA,NA,NA,NA,NA,1
224,A294,NA,NA,NA,NA,NA,NA,NA,NA,NA,NA,NA,NA,NA,NA,J,"Trotteyn, M. J.",NA,NA,NA,Nuevas evidencias del desarrollo del floculo en el cerebelo de arcosauriformes: variabilidad e implicancias paleobiologicas,NA,NA,Research Gate,NA,NA,NA,NA,NA,NA,NA,2015,NA,NA,NA,NA,1
327,A295,NA,NA,NA,NA,NA,NA,NA,NA,NA,NA,NA,NA,NA,NA,J,"Tsaknaki, V; Fernaeus, Y; Schaub, M",NA,NA,NA,Leather as a material for crafting interactive and physical artifacts,NA,NA,Research Gate,5,NA,5,14,NA,NA,NA,2014,NA,NA,NA,NA,1
328,A296,NA,NA,NA,NA,NA,NA,NA,NA,NA,NA,NA,NA,NA,NA,J,"Tschinkel, Brian; Esantsi, Bernard; Iacovelli, Dominick; Nagesar, Padma; Walz, Richard; Monaco, Vinnie; Bakelman, Ned",NA,NA,NA,Keylogger Keystroke Biometric System,NA,NA,Research Gate.,NA,NA,NA,NA,NA,NA,NA,2017,NA,NA,NA,NA,1
225,A297,NA,NA,NA,NA,NA,NA,NA,NA,NA,NA,NA,NA,NA,NA,J,"Tversky, A; Kahneman, D",NA,NA,NA,Evidential Impact of Base Rates,NA,NA,ResearchGate.,NA,NA,29,29,NA,NA,NA,1981,NA,NA,NA,NA,1
329,A298,NA,NA,NA,NA,NA,NA,NA,NA,NA,NA,NA,NA,NA,NA,J,"Ukani, Vijay S.",NA,NA,NA,Testing Video Transmission in NS-2 Using The Evalvid Framework,NA,NA,Research Gate,NA,NA,NA,NA,NA,NA,July,2015,NA,NA,NA,NA,2
226,A299,NA,NA,NA,NA,NA,NA,NA,NA,NA,NA,NA,NA,NA,NA,J,"Ukani, Vijay; Thacker, Dhaval",NA,NA,NA,NA,NA,NA,QoS Aware Geographic Routing Protocol for Multimedia Transmission in Wireless Sensornetwork,NA,NA,NA,NA,NA,DOI 10.1109/NUICONE.2015.7449639,November,2015,NA,NA,NA,NA,1
330,A300,NA,NA,NA,NA,NA,NA,NA,NA,NA,NA,NA,NA,NA,NA,J,"Vahedi, Hani; Al-Haddad, Kamal; Ounejjar, Youssef",NA,NA,NA,Crossover Switches Cell (CSC): A New Multilevel Inverter Topology with Maximum Voltage Levels and Minimum DC Sources,NA,NA,Research Gate,NA,NA,NA,NA,NA,NA,NA,NA,NA,NA,NA,NA,1
229,A301,NA,NA,NA,NA,NA,NA,NA,NA,NA,NA,NA,NA,NA,NA,J,"Valverde-Rebaza, J; Valejo, A",NA,NA,NA,a naive bayes model based on ovelapping groups for link prediction in online social networks,NA,NA,researchgate,NA,NA,NA,NA,NA,NA,NA,2015,NA,NA,NA,NA,1
230,A302,NA,NA,NA,NA,NA,NA,NA,NA,NA,NA,NA,NA,NA,NA,J,"van Borkulo, CD; Waldorp, LJ; Boschloo, L",NA,NA,NA,Comparing network structures on three aspects: a permutation test,NA,NA,ResearchGate,NA,NA,NA,NA,NA,NA,NA,NA,NA,NA,NA,NA,1
232,A303,NA,NA,NA,NA,NA,NA,NA,NA,NA,NA,NA,NA,NA,NA,J,"van der Weijde, A. H.; Hobbs, B. F.",NA,NA,NA,Planning electricity transmission to accommodate renewables: Using two-stage programming to evaluate flexibility and the cost of disregarding uncertainty,NA,NA,Research Gate,34,6,NA,NA,NA,NA,Nov.,2012,NA,NA,NA,NA,1
233,A304,NA,NA,NA,NA,NA,NA,NA,NA,NA,NA,NA,NA,NA,NA,J,"Van Keulen, M; Otten, W; Ruiter, R; Van Steenbergen, J; Fekkes, M; Paulussen, TW",NA,NA,NA,Researchgate,NA,NA,Redenen om zich te laten vaccineren tegen HPV,NA,NA,NA,NA,NA,NA,NA,2013,NA,NA,NA,NA,1
234,A305,NA,NA,NA,NA,NA,NA,NA,NA,NA,NA,NA,NA,NA,NA,J,"Vanrolleghem, P.A.; Insel, G.; Petersen, B.; Sin, G.; Pauw, D.D.; Nopens, I.; Dovermann, H.; Weijers, S.; Gernaey, K",NA,NA,NA,A comprehensive model calibration procedure for activated sludge models,NA,NA,ResearchGate,NA,NA,NA,NA,NA,NA,NA,2003,NA,NA,NA,NA,1
235,A306,NA,NA,NA,NA,NA,NA,NA,NA,NA,NA,NA,NA,NA,NA,J,"Velmurugan, D. T.",NA,NA,NA,Efficiency of k-Means and K-Medoids Algorithms for Clustering Arbitrary Data Points,NA,NA,ResearchGate,3,5,1758,1764,NA,NA,Oct.,2012,NA,NA,NA,NA,1
236,A307,NA,NA,NA,NA,NA,NA,NA,NA,NA,NA,NA,NA,NA,NA,J,"Verdelhos, T.; Cardoso, P.G.; MaP, M.D",NA,NA,NA,"Latitudinal gradients in Scrobicularia plana reproduction patterns, population dynamics, growth, and secondary production",NA,NA,ResearchGate,442,NA,NA,NA,NA,NA,NA,2011,NA,NA,NA,NA,1
237,A308,NA,NA,NA,NA,NA,NA,NA,NA,NA,NA,NA,NA,NA,NA,J,"Voipio-Pulkki, LM; Nuutila, P; Knuuti, MJ; Ruotsalainen, U; Haaparanta, M; Teras, M",NA,NA,NA,Heart and skeletal muscle glucose disposal in type 2 diabetic patients as determined by positron emission tomography,NA,NA,ResearchGate.,34,12,2064,7,NA,NA,1-Jan,1994,NA,NA,NA,NA,1
332,A309,NA,NA,NA,NA,NA,NA,NA,NA,NA,NA,NA,NA,NA,NA,J,"Vojvodic, Svetlana; Popovic, Stevan; Macukanovic-Golubovic, Lana",NA,NA,NA,[Implications of HLA linkage disequilibrium phenomenon in finding unrelated volunteer bone marrow donors].,NA,NA,Medicinski pregled,60,4-Mar,178,82,NA,NA,2007 Mar-Apr,2007,NA,NA,NA,NA,1
238,A310,NA,NA,NA,NA,NA,NA,NA,NA,NA,NA,NA,NA,NA,NA,J,"Wang, W.; Li, S.; Qi, H.; Ayhan, B.; Kwan, C.; Vance, S.",NA,NA,NA,Revisiting the preprocessing procedures for elemental concentration estimation based on CHEMCAM LIBS on MARS Rover,NA,NA,RESEARCHGATE,NA,NA,NA,NA,NA,NA,NA,2014,6th Workshop on Hyperspectral Image and Signal Processing: Evolution in Remote Sensing,NA,NA,NA,1
239,A311,NA,NA,NA,NA,NA,NA,NA,NA,NA,NA,NA,NA,NA,NA,J,"Watthanaworawit, W.; Turner, P.; Turner, C. L.; Tanganuchitcharnchai, A.; Jarman, E. G.; Blacksell, S. D.; Nosten, F. H.",NA,NA,NA,A prospective evaluation of diagnostic methodologies for the acute diagnosis of dengue virus infection on the Thailand-Myanmar border,NA,NA,ResearchGate,105,NA,32,37,NA,NA,NA,2010,NA,NA,NA,NA,1
240,A312,NA,NA,NA,NA,NA,NA,NA,NA,NA,NA,NA,NA,NA,NA,J,"Weber, J S; Fritz, J; Denger, A; Maletz, M; Zingel, C; Denger, D",NA,NA,NA,Synergien in der modellbasierten Antriebsstrang-und Testsystem-Entwicklung-Model-Based Systems Engineering in der industriellen Anwendung. Conference Paper,NA,NA,ResearchGate,NA,NA,NA,NA,NA,NA,November,2014,NA,NA,NA,NA,1
242,A313,NA,NA,NA,NA,NA,NA,NA,NA,NA,NA,NA,NA,NA,NA,J,"Wilson, M.; Zolfaghari, P.; Griffin, C.; Lockey, D.; Tolias, C.; Verma, V.",NA,NA,NA,The future of traumatic brain injury research,NA,NA,ResearchGate,22,1,766,766,NA,NA,Dec,2014,NA,NA,NA,NA,1
243,A314,NA,NA,NA,NA,NA,NA,NA,NA,NA,NA,NA,NA,NA,NA,J,"Wolpert, D. H.; Macready, W. G.",NA,NA,NA,Self-Dissimilarity: An Empirical Measure of Complexity,NA,NA,ResearchGate,NA,NA,NA,NA,NA,NA,NA,1998,NA,NA,NA,NA,1
333,A315,NA,NA,NA,NA,NA,NA,NA,NA,NA,NA,NA,NA,NA,NA,J,"Woodward, E.; Jagdev, S.; McParland, L.; Clark, K.; Gregory, W.; Newsham, A.",NA,NA,NA,Skeletal complications and survival in renal cancer patients with bone metastases,NA,NA,Research Gate,48,1,1606,1606,NA,NA,NA,2011,NA,NA,NA,NA,1
244,A316,NA,NA,NA,NA,NA,NA,NA,NA,NA,NA,NA,NA,NA,NA,J,"Xi, B. Y.; Bai, S. P.; Qi, F.",NA,NA,NA,NA,NA,NA,"Some new inequalities of Hermite-Hadamard type for (a, mi)-(s, m2)-convex functions on coordinates",NA,NA,NA,NA,NA,NA,NA,NA,NA,NA,NA,NA,1
245,A317,NA,NA,NA,NA,NA,NA,NA,NA,NA,NA,NA,NA,NA,NA,J,"Xiao, Y.; Wehrs, J.; Ma, H.; Al-Samman, T.; Korte-Kerzel, S.; Gken, M.; Michler, J.; Spolenak, R.; Wheeler, J.M.",NA,NA,NA,Investigation of the deformation behavior of aluminum micropillars produced by focused ion beam machining using Ga and Xe ions,NA,NA,ResearchGate,NA,NA,NA,NA,NA,NA,NA,2016,NA,NA,NA,NA,1
246,A318,NA,NA,NA,NA,NA,NA,NA,NA,NA,NA,NA,NA,NA,NA,J,"Yang, M.; Blyth, W.",NA,NA,NA,Modeling Investment Risks and Uncertainties with Real-Options Approach,NA,NA,ResearchGate,NA,NA,NA,NA,NA,NA,Jan.,2007,NA,NA,NA,NA,1
334,A319,NA,NA,NA,NA,NA,NA,NA,NA,NA,NA,NA,NA,NA,NA,J,"Yildirim, Ahmet A; OZdogan, Cem; Watson, Dan",NA,NA,NA,Parallel Data Reduction Techniques for Big Data sets,NA,NA,Research gate,NA,NA,NA,NA,NA,NA,NA,2016,NA,NA,NA,NA,1
247,A320,NA,NA,NA,NA,NA,NA,NA,NA,NA,NA,NA,NA,NA,NA,J,"Yin, H.; Schonhals, A.",NA,NA,NA,Broadband Dielectric Spectroscopy on Polymer Blends,NA,NA,ResearchGate,NA,NA,NA,NA,NA,NA,NA,2014,NA,NA,NA,NA,1
335,A321,NA,NA,NA,NA,NA,NA,NA,NA,NA,NA,NA,NA,NA,NA,J,"Yoon, Byung-jun",NA,NA,NA,HMM with auxiliary memory: Anew tool for modelling RNA secondary structures,NA,NA,Research Gate,NA,NA,NA,NA,NA,NA,NA,2015,NA,NA,NA,NA,1
248,A322,NA,NA,NA,NA,NA,NA,NA,NA,NA,NA,NA,NA,NA,NA,J,"Young, M D; Wakefield, M J; Smyth, G K; Oshlack, A",NA,NA,NA,Goseq: gene ontology testing for RNA-seq datasets,NA,NA,ResearchGate,NA,NA,1,26,NA,NA,NA,2012,NA,NA,NA,NA,2
228,A323,NA,NA,NA,NA,NA,NA,NA,NA,NA,NA,NA,NA,NA,NA,J,"Yuzhakov, V.V.",NA,NA,NA,The AdminPenTM microneedle device for painless & convenient drug delivery,NA,NA,Drug Deliv.ery Technol,10,4,32,36,NA,NA,NA,2010,NA,NA,NA,NA,2
15,A324,NA,NA,NA,NA,NA,NA,NA,NA,NA,NA,NA,NA,NA,NA,J,"Zhan, Jianfeng",NA,NA,NA,NA,NA,NA,"Big Data Benchmarks, Performance Optimization, and Emerging Hardware: 4th and 5th Workshops",NA,NA,NA,NA,NA,NA,NA,2014,NA,NA,NA,NA,1
249,A325,NA,NA,NA,NA,NA,NA,NA,NA,NA,NA,NA,NA,NA,NA,J,"Zhang, D; Li, N; Zhou, ZH; Chen, C; Sun, L; Li, S",NA,NA,NA,iBAT: detecting anomalous taxi trajectories from GPS traces. IBAT: detecting anomalous taxi trajectories from GPS traces,NA,NA,ResearchGate,NA,NA,99,108,NA,NA,NA,2011,NA,NA,NA,NA,1
336,A326,NA,NA,NA,NA,NA,NA,NA,NA,NA,NA,NA,NA,NA,NA,J,"Zhang, G.; Wang, G.; Farhangi, H.; Palizban, A.",NA,NA,NA,Short-Term Load Forecasting of Active and Reactive Powers in Small Scales using LASSO-Integrated Nonlinear Autoregressive Neural Networks,NA,NA,Research Gate,1,NA,5,5,NA,NA,october,2016,NA,NA,NA,NA,1
337,A327,NA,NA,NA,NA,NA,NA,NA,NA,NA,NA,NA,NA,NA,NA,J,"Zhang, J.; Chua, H. C.; Zhou, J.; Fane, A. G.",NA,NA,NA,NA,NA,NA,research gate,NA,NA,54,66,NA,NA,NA,NA,NA,NA,NA,NA,1
123,A328,NA,NA,NA,NA,NA,NA,NA,NA,NA,NA,NA,NA,NA,NA,J,NA,NA,NA,NA,Strukturmodell des Rezeptors,NA,NA,ResearchGate,NA,NA,NA,NA,NA,NA,NA,2014,NA,NA,NA,NA,1
185,A329,NA,NA,NA,NA,NA,NA,NA,NA,NA,NA,NA,NA,NA,NA,J,NA,ResearchGate,NA,NA,NA,NA,NA,ResearchGate,NA,NA,NA,NA,NA,NA,NA,2008,NA,NA,NA,NA,1
186,A330,NA,NA,NA,NA,NA,NA,NA,NA,NA,NA,NA,NA,NA,NA,J,NA,ResearchGate,NA,NA,Researcher partly validates results of controversial stem cell study,NA,NA,ResearchGate,NA,NA,NA,NA,NA,NA,1-Apr,2014,NA,NA,NA,NA,1
241,A331,NA,NA,NA,NA,NA,NA,NA,NA,NA,NA,NA,NA,NA,NA,J,NA,"Wikipedia, ResearchGate",NA,NA,NA,NA,NA,RESEARCHGATE,NA,NA,NA,NA,NA,NA,NA,NA,NA,NA,NA,NA,1
